ticker,n,best_model,mu,sigma,t_df,t_loc,t_scale,ll_norm,aic_norm,bic_norm,ks_p_norm,cvm_p_norm,ll_t,aic_t,bic_t,ks_p_t,cvm_p_t
GS,3982,empirical,,,,,,10310.622861253709,-20617.245722507418,-20604.66664353817,2.2589611795307794e-14,3.522693248214637e-11,10650.495208473172,-21294.990416946344,-21276.121798492473,5.376058953238829e-08,3.554191829735487e-09
SW,3982,empirical,,,,,,8851.273284078685,-17698.54656815737,-17685.967489188122,0.0,3.238132140204186e-08,4963.638884962151,-9921.277769924302,-9902.409151470429,0.0,3.4695783912574996e-08
NXPI,3833,empirical,,,,,,8443.556155806547,-16883.112311613095,-16870.609505482334,3.624574690158483e-15,2.6482038784081396e-11,8797.887077883215,-17589.77415576643,-17571.01994657029,0.007762038262755204,0.044171947782971066
AMCR,3386,empirical,,,,,,9286.051874083063,-18568.103748166126,-18555.84893904074,2.614681470737766e-151,2.6521556617531417e-08,-39363.5949803742,78733.1899607484,78751.57217443647,8.220057584828345e-255,1.2057379761287734e-08
PODD,3982,t,,,3.4942493952073885,0.0009812878586879315,0.017013044858160166,8952.267298756717,-17900.534597513433,-17887.955518544186,1.9193079999201806e-16,5.885141263206606e-10,9367.142721797487,-18728.285443594974,-18709.416825141103,0.9307734920942788,0.9362814137964434
KMB,3982,t,,,3.5124229553907913,0.0006306564197035374,0.007702999785371603,12103.074709273988,-24202.149418547975,-24189.570339578728,1.3603472916512705e-17,1.0852111431702838e-09,12528.8073639763,-25051.6147279526,-25032.74610949873,0.7382028661468504,0.5581384451335267
FITB,3982,t,,,3.042261170165083,0.0007645868584965883,0.013517393689564363,9572.030408112696,-19140.060816225392,-19127.481737256145,5.213458268952086e-23,9.979961301809226e-11,10096.093510250521,-20186.187020501042,-20167.31840204717,0.8756874752673188,0.9575192989944478
WSM,3982,t,,,3.32469316214038,0.0008328435068217809,0.015938567704624082,9024.121744276677,-18044.243488553355,-18031.664409584107,1.4319200618158627e-19,6.883922321065938e-10,9562.899422539682,-19119.798845079364,-19100.930226625493,0.9804938907051869,0.979384719500072
FRT,3982,t,,,3.1786585183751654,0.0004931179346814025,0.009856819487559886,10706.333462843311,-21408.666925686623,-21396.087846717375,3.719463801491963e-24,4.324518743104022e-09,11415.816153197846,-22825.63230639569,-22806.76368794182,0.4613705184963436,0.4969588403463763
DIS,3982,t,,,2.9829942326694296,0.00045059802651283454,0.010042750737993156,10680.576973812114,-21357.15394762423,-21344.57486865498,3.3606014604769105e-24,4.1928738259144893e-10,11250.407993313518,-22494.815986627036,-22475.947368173165,0.7986438405404145,0.8912955920104886
MRK,3982,t,,,3.577950126753387,0.00047421239069218976,0.009089431767050241,11504.61571401821,-23005.23142803642,-22992.65234906717,6.593334292348152e-15,9.920775312366459e-11,11892.612148463191,-23779.224296926383,-23760.35567847251,0.7807740262503761,0.9543837335542766
BAX,3982,t,,,3.047041845656376,0.0006176213490455735,0.009578068923641828,10777.47220448757,-21550.94440897514,-21538.365330005894,4.515540312807962e-30,3.0458602306993043e-10,11470.163905467361,-22934.327810934723,-22915.459192480852,0.7010678101134231,0.7294461903770532
BIIB,3982,t,,,3.240494950453483,5.309991946653007e-05,0.013149064865507128,9265.48096550014,-18526.96193100028,-18514.382852031034,5.2331858363378765e-33,2.6617572590481586e-09,10294.683956789951,-20583.367913579903,-20564.499295126032,0.9730465853391541,0.9596732113493012
TT,3982,t,,,3.5140013234963945,0.0012516697323935301,0.011806489730715023,10484.454085637655,-20964.90817127531,-20952.329092306063,2.8688035287029336e-16,1.1947809408496823e-10,10828.93259016934,-21651.86518033868,-21632.996561884807,0.4444638953898399,0.7117580329733659
SBAC,3982,t,,,3.4116718764414453,0.0007246268928520947,0.010848568296433936,10819.02546029375,-21634.0509205875,-21621.47184161825,2.786208603552654e-15,1.282602912766606e-10,11128.461398787666,-22250.92279757533,-22232.05417912146,0.6313682952441142,0.6002443622144304
KLAC,3982,t,,,3.0488791824117163,0.0014790395105024191,0.014707533540398329,9381.685366294885,-18759.37073258977,-18746.791653620523,1.1167260658992965e-21,3.7300751376534436e-10,9763.227640840141,-19520.455281680282,-19501.58666322641,0.4095831474892454,0.2276381260786169
MAS,3982,t,,,3.602146606853959,0.0007016862211711228,0.014085331897444816,9829.809884043587,-19655.619768087174,-19643.040689117926,1.249861240332807e-13,2.4090285322131422e-11,10156.617376516238,-20307.234753032477,-20288.366134578606,0.46290107476771536,0.7226626283015416
MOH,3982,t,,,3.0875681134854434,0.0008617807914545771,0.015120429599734725,8899.589941537106,-17795.179883074212,-17782.600804104964,3.4856795385738277e-29,6.080540515540633e-10,9671.10600820201,-19336.21201640402,-19317.34339795015,0.99022799716163,0.9705568867178267
EXPD,3982,t,,,3.598614449012107,0.0006105541892804851,0.01061622518930154,10959.973818358725,-21915.94763671745,-21903.368557748203,1.8730344006471137e-16,4.323541524797747e-11,11281.351658659949,-22556.703317319898,-22537.834698866027,0.5954695804452759,0.5067914467000809
GPN,3982,t,,,2.9363474428214786,0.0009099670536132517,0.011691816271724855,10007.308913087729,-20010.617826175458,-19998.03874720621,3.526478316710523e-27,1.9966918118896615e-09,10621.467838067103,-21236.935676134206,-21218.067057680335,0.35745865886895223,0.4299203718168494
ATO,3982,t,,,3.7730857747505318,0.0008587153173677646,0.008658284367083262,11716.140874540371,-23428.281749080743,-23415.702670111496,8.272914575495555e-16,1.6534051905381375e-10,12149.237777149065,-24292.47555429813,-24273.60693584426,0.9057675140934576,0.7196988014345534
CF,3982,t,,,4.415302587495705,0.0006843645229788423,0.018413495120970624,9109.997041499673,-18215.994082999347,-18203.4150040301,3.289347501595272e-10,7.060260154290177e-10,9311.948316550679,-18617.896633101358,-18599.028014647487,0.7914839775412115,0.5754446724982534
AJG,3982,t,,,3.44195650326555,0.0010777698162963809,0.008522083047219072,11625.713770778813,-23247.427541557627,-23234.84846258838,3.126685965794761e-19,1.1201006788752466e-10,12100.93506878219,-24195.87013756438,-24177.00151911051,0.7412791481441411,0.6476065609661564
AMGN,3982,t,,,3.665028816183479,0.00043474467524167836,0.010557361234765545,10996.947534584768,-21989.895069169535,-21977.315990200288,8.785832841943435e-14,7.367884080622389e-12,11325.487763449108,-22644.975526898215,-22626.106908444344,0.9069889938831812,0.8810342929993867
PTC,3982,t,,,3.2031762539727424,0.001048622808473384,0.013099436594334744,9779.247486572714,-19554.49497314543,-19541.91589417618,6.186056860854254e-23,1.701523255626114e-09,10293.954116622044,-20581.90823324409,-20563.039614790217,0.7055960932454832,0.7575294777531791
WYNN,3982,t,,,3.0407975528959907,-7.906850224763245e-05,0.017882743686516104,8522.455623363277,-17040.911246726555,-17028.332167757308,8.5297607237329685e-19,1.2166087026699302e-09,8980.971685319219,-17955.943370638437,-17937.074752184566,0.5669579485694719,0.500533789053077
PH,3982,t,,,3.324738189335439,0.000923916741403614,0.012350690593140125,10126.951396354556,-20249.902792709112,-20237.323713739865,3.9018929313628456e-20,1.0837619690562406e-10,10578.455089852312,-21150.910179704624,-21132.041561250753,0.9585040994552532,0.8941896510516524
MO,3982,t,,,3.3624432912325406,0.001107174227398229,0.008350385438173335,11690.67895775185,-23377.3579155037,-23364.778836534453,1.5901843593634498e-20,2.348927718998084e-10,12151.810219064622,-24297.620438129245,-24278.751819675374,0.4568038156840276,0.414244741395163
NFLX,3982,t,,,2.879745227461658,0.0008501148693321632,0.01764280997169318,8156.98501000328,-16309.97002000656,-16297.39094103731,3.046200847270419e-31,3.6532731284566466e-09,8953.483023508312,-17900.966047016624,-17882.097428562753,0.7215216207424154,0.5430543316783015
ORLY,3982,t,,,3.5966294160591796,0.0010696355518088195,0.01019096332777231,10848.794356007278,-21693.588712014556,-21681.00963304531,1.5498845153605437e-18,4.694539201821613e-10,11443.479291821286,-22880.958583642572,-22862.0899651887,0.8251582576810803,0.7849148342456298
EW,3982,t,,,3.0800244536455947,0.0008410465677151351,0.012067809529149195,9765.798672761264,-19527.59734552253,-19515.01826655328,1.3111769266922347e-30,1.2993515152714963e-09,10565.567068274624,-21125.134136549248,-21106.265518095377,0.999189830436845,0.9997896931298992
APA,3982,t,,,2.9330233130096666,-0.00011645912576452284,0.018460253890388467,7934.754603735142,-15865.509207470284,-15852.930128501035,2.1684802798294072e-32,5.855618212535774e-10,8801.066134584045,-17596.13226916809,-17577.26365071422,0.47093788680872595,0.5262135761477078
TDY,3982,t,,,3.5112395197158746,0.0009472045087511037,0.011086240389627635,10622.463540862493,-21240.927081724985,-21228.348002755738,1.807135197181517e-18,3.6708414086206176e-11,11078.59322501039,-22151.18645002078,-22132.31783156691,0.8473058610242642,0.8015956482659001
AMD,3982,t,,,3.457310157096355,0.0007040858768917093,0.023376493388045174,7705.652734572579,-15407.305469145158,-15394.726390175909,2.123031941652784e-15,3.903409817596071e-10,8088.444973338717,-16170.889946677435,-16152.021328223562,0.4399225699056425,0.8008226879834315
IEX,3982,t,,,3.6990811804224855,0.0006964610557185779,0.010484728758579743,11036.06907661527,-22068.13815323054,-22055.55907426129,2.511710578000743e-16,1.2789991288286728e-11,11363.958721052033,-22721.917442104066,-22703.048823650195,0.8972444690449328,0.9151257762037034
PCAR,3982,t,,,3.859694048045063,0.00048441921079595647,0.011911954929393176,10628.868317256527,-21253.736634513054,-21241.157555543807,1.3953793926410641e-11,1.5195211755525406e-10,10904.792476332756,-21803.58495266551,-21784.71633421164,0.8984041598419041,0.8908391031608743
CTRA,3982,t,,,4.0898116017779955,0.00018356046380632373,0.01711678943258959,9287.457836942314,-18570.91567388463,-18558.33659491538,7.350863881187216e-09,6.140665753662233e-11,9524.650389519185,-19043.30077903837,-19024.4321605845,0.9266798589983528,0.8857928889936337
LVS,3982,t,,,3.3308319102077197,0.0003345768510801234,0.016495362596690887,9105.852767210537,-18207.705534421075,-18195.126455451827,1.1613838444956302e-14,2.454176861732549e-10,9428.624419495569,-18851.248838991138,-18832.380220537267,0.9761196706387859,0.8710285380278863
PWR,3982,t,,,3.321139702784026,0.0010791147536984725,0.01328579818858594,9735.963311736308,-19467.926623472616,-19455.34754450337,5.051615735396035e-22,1.325299536780733e-09,10286.403833687127,-20566.807667374254,-20547.939048920383,0.928617981682986,0.9621626880032459
DTE,3982,t,,,3.564629052022881,0.0009022296845838695,0.008324225628295469,11678.237644721057,-23352.475289442114,-23339.896210472867,4.830638118082881e-20,7.06062097677318e-10,12238.229012291189,-24470.458024582378,-24451.589406128507,0.34339679424508374,0.2593581131849755
HAL,3982,t,,,3.4901736078969403,0.00027854445002761276,0.017610411502815712,8681.126667019977,-17358.253334039953,-17345.674255070706,8.136559696323114e-21,6.309857081276959e-10,9228.251088773724,-18450.50217754745,-18431.633559093578,0.7715515846962381,0.6642601581817018
SWKS,3982,t,,,3.67741517127997,0.0009176861297963919,0.01780143235698766,8863.248643904477,-17722.497287808954,-17709.918208839706,2.3044893992756713e-15,1.1720213688448666e-10,9249.109488948892,-18492.218977897784,-18473.350359443913,0.9588625909423152,0.9179497636804036
RVTY,3982,t,,,3.6247642900315395,0.0007748849313896487,0.012375276654374615,10357.265781746482,-20710.531563492965,-20697.952484523717,5.28469611845259e-16,3.3948288624685574e-11,10679.605623096002,-21353.211246192004,-21334.342627738133,0.668472240249977,0.7185670110583497
CAG,3982,t,,,3.2520939526231354,0.00046327772352158553,0.009130008383208812,11159.948065686664,-22315.896131373327,-22303.31705240408,5.22052097951506e-23,1.2737610965984913e-10,11752.095271077167,-23498.190542154334,-23479.321923700463,0.5867437677648792,0.8679638255464694
BEN,3982,t,,,3.7353973702136947,0.00033676907782694617,0.013505435997702372,10037.031614057814,-20070.06322811563,-20057.48414914638,9.710312304930936e-14,1.102740121439183e-11,10367.273147350035,-20728.54629470007,-20709.6776762462,0.8793764127818086,0.7981758453586301
ADM,3982,t,,,3.5094698832383777,0.0008128783845502661,0.010987668263318883,10667.80430917034,-21331.60861834068,-21319.029539371433,4.561237289867698e-19,4.54573045871598e-11,11113.520618879847,-22221.041237759695,-22202.172619305824,0.8007050412691997,0.8232687393781118
MCO,3982,t,,,2.9181087874279825,0.0013219689331123994,0.010902967709939272,10346.458512079753,-20688.917024159506,-20676.33794519026,7.140683915583043e-27,4.951820065102197e-10,10890.207124009805,-21774.41424801961,-21755.54562956574,0.597016076545131,0.5231173448785701
IRM,3982,t,,,3.2720901042552155,0.0010373512621995543,0.011392612396434926,10363.86354952833,-20723.72709905666,-20711.148020087414,1.0164771477204643e-20,6.648473993564608e-10,10878.731953401852,-21751.463906803703,-21732.595288349832,0.8575456240333637,0.7641605537556312
WM,3982,t,,,2.924752863793471,0.0008142890337942818,0.00708296270387696,12027.922794199212,-24051.845588398424,-24039.266509429177,5.91762373505509e-25,9.510778831156586e-10,12611.256840186039,-25216.513680372078,-25197.645061918207,0.7485707323277158,0.5748231127772667
EIX,3982,t,,,3.4489027328405744,0.0007700615827823264,0.009900468715668447,10919.11036525686,-21834.22073051372,-21821.641651544473,1.215704301867306e-21,1.7476303737495869e-09,11506.47729759292,-23006.95459518584,-22988.08597673197,0.4691246973599914,0.6761292852730293
VZ,3982,t,,,3.9401258403206967,0.0004484386310462324,0.008343685350006024,12051.831295107595,-24099.66259021519,-24087.083511245943,6.227227700104493e-11,1.2307810326461777e-10,12345.57922536294,-24685.15845072588,-24666.28983227201,0.7299505719135388,0.6290379185716419
GLW,3982,t,,,3.096880271974247,0.0006832189403622739,0.011865856369871523,10141.4042052944,-20278.8084105888,-20266.229331619554,1.5563808758614523e-19,1.3866405801366e-09,10640.517437049322,-21275.034874098645,-21256.166255644774,0.9578407662438438,0.9790282542443113
EMN,3982,t,,,3.7296619093499572,0.00043888720327448996,0.013423077438941732,10036.7411391215,-20069.482278243,-20056.90319927375,1.4579881337945854e-15,2.9785729438458475e-11,10389.854575332047,-20773.709150664094,-20754.840532210223,0.9854962704786319,0.9495202665362429
NTAP,3982,t,,,3.3876266125258883,0.0007175282360673762,0.013753821677001149,9661.504482142336,-19319.008964284672,-19306.429885315425,5.163506409476058e-18,3.6380842782790523e-10,10174.49641786339,-20342.99283572678,-20324.12421727291,0.7635707663777282,0.7143356259330848
EXPE,3982,t,,,2.9370515505306845,0.0005264979142262256,0.014947709085441421,8715.345976553688,-17426.691953107376,-17414.11287413813,5.587470831332039e-34,1.3186836067546892e-09,9643.588083317187,-19281.176166634374,-19262.307548180503,0.9911724275246717,0.9729343145424808
ED,3982,t,,,3.962652697708289,0.0007096530188745747,0.008143436108530298,11991.117553297101,-23978.235106594202,-23965.656027624955,3.430470932252859e-16,2.862449166585179e-10,12448.575866813037,-24891.151733626073,-24872.283115172202,0.43313022159877046,0.2802998856511235
DOC,3982,t,,,3.606559718229711,0.0007006586741046658,0.011495429841779283,10460.639496287458,-20917.278992574917,-20904.69991360567,3.6035655527875218e-22,2.30695573755213e-10,10967.200780553292,-21928.401561106584,-21909.532942652713,0.18221704407391492,0.26865867735988447
DRI,3982,t,,,2.8110074086098757,0.0006355769483624926,0.010845285987604324,9894.414431343212,-19784.828862686423,-19772.249783717176,1.2770886044024095e-36,4.864646907520864e-09,10853.542073317269,-21701.084146634537,-21682.215528180666,0.5621938030731537,0.7911872605182968
APD,3982,t,,,3.2980824025810462,0.0006851901874213838,0.009772798135448115,10984.730825806575,-21965.46165161315,-21952.882572643903,6.99316076629118e-20,6.589312429028382e-10,11500.011981961641,-22994.023963923282,-22975.15534546941,0.6952647562306032,0.7776273738699948
MKC,3982,t,,,3.5381462482161483,0.0007955851455238078,0.008578754958436779,11574.169187866983,-23144.338375733965,-23131.759296764718,6.279848190347278e-19,2.776633367673753e-10,12109.114089157909,-24212.228178315818,-24193.359559861947,0.5545013274915872,0.461354161965441
SPGI,3982,t,,,3.1800817343303054,0.0010385621323921233,0.010038712445381782,10821.956297410576,-21639.91259482115,-21627.333515851904,1.2158772978854667e-21,1.7804895335871151e-09,11343.634850925533,-22681.269701851066,-22662.401083397195,0.6713001309289439,0.7008184042351342
PPL,3982,t,,,3.730853504076466,0.0006628833019089533,0.008794887807435404,11585.219053417277,-23166.438106834554,-23153.859027865306,8.424395179200911e-17,1.4508482193420491e-09,12073.837972899762,-24141.675945799525,-24122.807327345654,0.5481251689598272,0.6592505597448326
DGX,3982,t,,,3.2211624129112044,0.0005981620991144933,0.009188164107172544,11228.900360545522,-22453.800721091044,-22441.221642121796,7.888498232096436e-19,3.7987391010574356e-10,11713.793458128532,-23421.586916257063,-23402.718297803192,0.9595253882205581,0.9270452571300414
IDXX,3982,t,,,3.281936369073621,0.001195686153360888,0.012098921322132757,10179.402747561286,-20354.80549512257,-20342.226416153324,4.71946265421169e-20,3.6057168362191305e-10,10643.241588934563,-21280.483177869126,-21261.614559415255,0.3791129636947165,0.38109318438405804
SLB,3982,t,,,3.271848962715546,3.6723041544542015e-06,0.014850304616942856,9363.02672137717,-18722.05344275434,-18709.47436378509,2.8740147140590007e-19,2.562982048814888e-10,9823.183377981986,-19640.366755963973,-19621.4981375101,0.7901723850634086,0.7654424384449836
IVZ,3982,t,,,3.32878302025911,0.0006054823286005858,0.01501885251796796,9329.542544109754,-18655.085088219508,-18642.50600925026,2.7855203467300524e-19,1.8104950871844494e-10,9801.209725771489,-19596.419451542977,-19577.550833089106,0.7835945229944177,0.7375360103843175
VRSN,3982,t,,,3.170676049126783,0.0009518198723867116,0.010060331683294291,10724.927825358103,-21445.855650716207,-21433.27657174696,1.1079440736672549e-23,2.7394553292481305e-10,11330.970848502104,-22655.941697004208,-22637.073078550337,0.5780599513572108,0.7214707024974918
LKQ,3982,t,,,3.322363613318454,0.0006035159460605819,0.012328528190693227,9899.105732986089,-19794.211465972177,-19781.63238700293,3.2851853216704185e-23,6.950995334875643e-10,10584.66081041803,-21163.32162083606,-21144.45300238219,0.7924549341839857,0.6651001454567256
DOV,3982,t,,,3.5696091433506547,0.0006905295678610857,0.011447842079754394,10606.309436482585,-21208.61887296517,-21196.039793995922,5.812263831938863e-16,1.445015218592971e-10,10971.153750529033,-21936.307501058065,-21917.438882604194,0.8683457463039083,0.8048832895551503
AMZN,3982,t,,,3.488413977643833,0.0010649300454006374,0.013895714362124903,9796.419480064298,-19588.838960128596,-19576.25988115935,1.710425709360265e-16,1.6524404067297382e-10,10170.977037845332,-20335.954075690664,-20317.085457236793,0.8364427277851247,0.9032772491709607
CMI,3982,t,,,3.5099879870946857,0.0008002034879746353,0.012568335562287817,10243.361428256841,-20482.722856513683,-20470.143777544436,2.395086700887366e-14,9.326017735844516e-11,10578.483645820945,-21150.96729164189,-21132.09867318802,0.7892212312052911,0.7182975601571424
EL,3982,t,,,2.7749148814598112,0.0006853988459903764,0.011534197144252092,9880.567313436424,-19757.13462687285,-19744.5555479036,2.678852904659347e-31,1.2268772664469907e-09,10587.80962573014,-21169.61925146028,-21150.75063300641,0.7027873033615627,0.8041809751151852
NVDA,3982,t,,,3.485811561984127,0.0016113248473254298,0.01936451175888943,8495.23960914142,-16986.47921828284,-16973.90013931359,8.757420056877999e-15,2.809279475712856e-10,8848.565446062275,-17691.13089212455,-17672.26227367068,0.6728210098158844,0.5854116220919212
TMUS,3982,t,,,2.791028849564942,0.0010222994305662592,0.012080564800147329,9555.372683129486,-19106.745366258972,-19094.166287289725,9.372538058578834e-34,1.015256545500165e-09,10412.754100715418,-20819.508201430835,-20800.639582976964,0.8329676039954547,0.866949723633199
DUK,3982,t,,,3.901103401509676,0.0006594059035863155,0.007974427628831427,12061.0550292142,-24118.1100584284,-24105.530979459152,3.433676436499889e-16,1.5552970022980617e-10,12514.771612223618,-25023.543224447236,-25004.674605993365,0.602386623695393,0.6907578671961707
DPZ,3982,t,,,3.2342344420046616,0.0010581624131518002,0.011850400696882792,10200.9588039535,-20397.917607907,-20385.33852893775,3.4661013760514266e-20,9.017269153588359e-10,10706.157019951344,-21406.31403990269,-21387.445421448818,0.783595020624503,0.6561984367281525
WDC,3982,t,,,3.6483648667384836,0.0006419198406338349,0.01874879009543047,8668.088370453832,-17332.176740907664,-17319.597661938416,2.61813944699183e-14,4.985956092440347e-11,9033.147360750674,-18060.29472150135,-18041.426103047477,0.9188443527823708,0.9400912238058223
IBM,3982,t,,,3.041239184117989,0.0006206299754849855,0.0087458261272284,11239.009768763504,-22474.01953752701,-22461.44045855776,6.146607641734117e-25,3.576405838146002e-10,11829.382614655282,-23652.765229310564,-23633.896610856693,0.976754077031212,0.9763420544157918
CHD,3982,t,,,3.6073144963838097,0.0008475951602226965,0.008432717765571945,11768.831287127317,-23533.662574254635,-23521.083495285387,3.124032690850731e-17,6.244254002751859e-10,12201.192448755262,-24396.384897510525,-24377.516279056654,0.6833556993414076,0.4883920939933515
AVB,3982,t,,,3.651280101508448,0.0006243022275797495,0.010151101740472882,11042.03238078318,-22080.06476156636,-22067.48568259711,1.102277056213599e-16,6.800979779342242e-10,11477.2796759378,-22948.5593518756,-22929.69073342173,0.4319052645474246,0.32159986955367714
KDP,3982,t,,,3.5374555415122853,0.0006295980693694696,0.008807914191257097,11367.031245297156,-22730.06249059431,-22717.483411625064,1.3814253351815514e-21,6.494582649452241e-11,12003.886332349754,-24001.772664699507,-23982.904046245636,0.5426296205748831,0.717629460986851
CMG,3982,t,,,2.9953458763961063,0.00077763718217184,0.012932242003351309,9567.635237698472,-19131.270475396945,-19118.691396427697,7.819353550692438e-25,3.4763271150595187e-09,10249.549293051528,-20493.098586103057,-20474.229967649186,0.978729182942859,0.9808142482822833
LIN,3982,t,,,3.6012307155872927,0.0006009038482106958,0.009205977120334895,11526.245618593588,-23048.491237187176,-23035.91215821793,8.913106570871399e-14,3.782518742667662e-11,11849.804668328128,-23693.609336656256,-23674.740718202385,0.5735691317029095,0.7685205798927373
PAYX,3982,t,,,3.329381766717647,0.0008620364686828722,0.008906360695146876,11302.344402008148,-22600.688804016296,-22588.10972504705,2.5547248972465937e-23,7.373768262652902e-11,11882.206888317633,-23758.413776635265,-23739.545158181394,0.7341889549688257,0.8075498517045854
MU,3982,t,,,4.619989674784046,0.0009841019950461052,0.022901111170594422,8273.555835640504,-16543.111671281007,-16530.53259231176,6.136590696835746e-10,5.149448201180462e-09,8486.790045099551,-16967.580090199102,-16948.71147174523,0.7148403015333906,0.8088612601865759
PKG,3982,t,,,3.459539120725972,0.0008382499127113673,0.011517322472597728,10503.855161430361,-21003.710322860723,-20991.131243891476,1.012735244917844e-15,5.385080159570066e-10,10908.03996071429,-21810.07992142858,-21791.21130297471,0.8457354269923218,0.9632921568810404
AAPL,3982,t,,,3.4846215107191245,0.0012119396068427442,0.012049109665766573,10389.951562302966,-20775.90312460593,-20763.324045636684,8.406311205170786e-19,2.3202906263009027e-10,10737.418814505701,-21468.837629011403,-21449.969010557532,0.630705174200084,0.4770511578193771
MSI,3982,t,,,2.990305981795247,0.0009005058927433157,0.009557498518053303,10928.733837289845,-21853.46767457969,-21840.888595610442,5.571236758094358e-22,1.1887024697898596e-10,11451.261291115665,-22896.52258223133,-22877.65396377746,0.9897893898262795,0.9772815313634484
PLD,3982,t,,,3.401432945734083,0.0010976374332952851,0.011501204394544755,10498.560308073836,-20993.120616147673,-20980.541537178426,7.773062512835825e-18,1.4495581401874347e-09,10891.971397255718,-21777.942794511437,-21759.074176057566,0.6907534573157718,0.5703251529503185
TKO,3982,t,,,2.940171793737141,0.0009040237291893141,0.013874397995478654,9037.760331212483,-18071.520662424966,-18058.94158345572,2.9203624033528946e-34,9.676750511999899e-10,9941.89014190163,-19877.78028380326,-19858.911665349387,0.9437557985170836,0.9958124350842165
AMP,3982,t,,,3.0257746565628025,0.0012004306898335442,0.012422388883911905,9820.493182331053,-19636.986364662105,-19624.407285692858,5.470842339188258e-26,9.518983379308565e-10,10424.564798419873,-20843.129596839746,-20824.260978385875,0.5033260832769926,0.7143384788982214
WMT,3982,t,,,3.3081968111671354,0.0007175335508509189,0.007631460013797955,11858.935934318288,-23713.871868636576,-23701.292789667328,1.9969563543331216e-21,1.4890966237857128e-10,12488.894072662144,-24971.788145324288,-24952.919526870417,0.7321918077657805,0.8554257841307588
EME,3982,t,,,3.330036032736683,0.0009957480457719377,0.012434263366686876,10048.43533856728,-20092.87067713456,-20080.291598165313,3.565665196449895e-19,3.6512248779985157e-10,10553.687921682376,-21101.375843364753,-21082.50722491088,0.961866205577964,0.941016286990896
TEL,3982,t,,,3.7441200606021,0.0009558394790704682,0.011679345192508194,10615.819521732232,-21227.639043464464,-21215.059964495216,2.6800216953216693e-15,2.0355606089594858e-11,10948.469206397986,-21890.93841279597,-21872.0697943421,0.6491233643903804,0.636356572773673
STX,3982,t,,,3.433431284898945,0.0013658388341758682,0.01697825480888243,8869.833288663027,-17735.666577326054,-17723.087498356806,1.4205459732783406e-18,1.560129803124255e-10,9353.05726711245,-18700.1145342249,-18681.24591577103,0.6577668372825263,0.5627124708908375
D,3982,t,,,3.615032656277635,0.0006601462314746616,0.008630240865328771,11580.694908999605,-23157.38981799921,-23144.810739029963,6.786106128584579e-20,1.773319269204876e-10,12111.566798242478,-24217.133596484957,-24198.264978031086,0.43638607456153666,0.551170579591138
WTW,3982,t,,,3.030908923827954,0.000758814402083445,0.008506824840975525,11326.665624049092,-22649.331248098184,-22636.752169128937,6.4448084627252286e-27,7.468039520119873e-10,11934.732022373208,-23863.464044746415,-23844.595426292544,0.9811964863871261,0.9849953603602237
TSN,3982,t,,,3.426387296886305,0.0009060752838174543,0.011277062785316191,10444.851218063699,-20885.702436127398,-20873.12335715815,3.5935631195912416e-20,4.0856584782034133e-10,10979.731668499264,-21953.463336998528,-21934.594718544657,0.6789482354173297,0.6260435252203495
GD,3982,t,,,3.5717559275357447,0.0007566068485267473,0.009479463874980248,11381.328238829707,-22758.656477659413,-22746.077398690166,9.956496257254431e-14,5.3372861685829776e-11,11723.168656953836,-23440.337313907672,-23421.4686954538,0.6833113799881132,0.6956819721233516
MA,3982,t,,,2.981541573960927,0.0012264552534837212,0.010507691607502562,10562.0982826416,-21120.1965652832,-21107.617486313953,6.055857381352364e-20,1.3846490620750274e-10,11069.492333124066,-22132.984666248132,-22114.11604779426,0.40687503768297273,0.3615273224353841
ROK,3982,t,,,3.357721805027631,0.0007249019505280706,0.012441708697637067,10082.217607710454,-20160.43521542091,-20147.85613645166,6.643655681251391e-18,1.4615342269763687e-10,10562.18113621675,-21118.3622724335,-21099.49365397963,0.9869390468848639,0.9810039816757812
APH,3982,t,,,3.1218306130773765,0.0010514758984066655,0.010244456577347665,10757.723130480166,-21511.446260960332,-21498.867181991085,2.2937560616851994e-21,9.914117304887782e-10,11237.044567825309,-22468.089135650618,-22449.220517196747,0.8162620536145065,0.7568217368981109
SJM,3982,t,,,3.6407899876468397,0.0005538181669941902,0.009161259226434655,11398.93930657115,-22793.8786131423,-22781.299534173053,8.294708343282722e-18,1.6221253229531385e-09,11882.359235374224,-23758.71847074845,-23739.849852294577,0.7445591350109401,0.8504807865584288
COR,3982,t,,,3.3902556881163157,0.0010918766233175784,0.010016773444462616,10999.59521907326,-21995.19043814652,-21982.611359177274,6.565643082781714e-17,3.1745162054619414e-11,11438.012325100404,-22870.02465020081,-22851.156031746938,0.8968390552598203,0.8671984473099281
LHX,3982,t,,,3.260037642211735,0.0008481305873685799,0.010171815125746275,10869.576600821194,-21735.153201642388,-21722.57412267314,2.5602522175077333e-18,1.5516832263529068e-10,11325.117571049823,-22644.235142099646,-22625.366523645775,0.6703294863954622,0.5854080610955268
CDNS,3982,t,,,3.4226981172780855,0.0012203209582212673,0.013099928346901376,10016.49364658607,-20028.98729317214,-20016.408214202893,5.8091828478574054e-15,3.2829272633705386e-10,10381.683519880607,-20757.367039761215,-20738.498421307344,0.8617577945386125,0.8056242232070532
RF,3982,t,,,3.354928713560155,0.0008978816054184184,0.015345554582319872,9317.025118939984,-18630.05023787997,-18617.47115891072,3.484792938762718e-18,1.7189838441566963e-09,9725.782346632393,-19445.564693264787,-19426.696074810916,0.7192662837732897,0.8592904955344541
HRL,3982,t,,,3.828608114961856,0.0007413290357303716,0.009035773829350946,11524.714810482454,-23045.429620964907,-23032.85054199566,4.2124236637703466e-15,5.095603938798376e-10,11996.057995068455,-23986.11599013691,-23967.24737168304,0.4864968362341978,0.3329125615032177
PEG,3982,t,,,4.263378434850923,0.0007430182780519769,0.009585293347788664,11592.42051009641,-23180.84102019282,-23168.261941223573,3.0800234738058815e-11,2.6535884600775717e-11,11876.690777604876,-23747.38155520975,-23728.51293675588,0.47457697702339763,0.35224353057874336
CAH,3982,t,,,3.4111602439795528,0.000977507286182791,0.010825652012141909,10620.810179580716,-21237.620359161432,-21225.041280192185,1.2121356633261314e-21,4.4797177078947925e-10,11136.684031196828,-22267.368062393656,-22248.499443939785,0.8142325939064972,0.7992507648338849
AES,3982,t,,,3.422177987267386,0.0006104811611349437,0.013792853763314052,9734.09328999017,-19464.18657998034,-19451.607501011094,7.53306845817273e-18,3.1983082848796585e-11,10176.2465995165,-20346.493199033,-20327.62458057913,0.4384153401874521,0.8107610367690429
CLX,3982,t,,,3.1597013327838077,0.0006601164053075151,0.008241273662694618,11540.386163828429,-23076.772327656858,-23064.19324868761,7.341660140207975e-23,1.77699521763941e-10,12120.343386682747,-24234.686773365494,-24215.818154911623,0.7085785212781515,0.40388949362833027
HAS,3982,t,,,2.977207287818487,0.0005459822580081118,0.011211047009524496,10102.418339737851,-20200.836679475702,-20188.257600506455,1.1137748239329246e-26,2.6130686503478273e-10,10809.359210821676,-21612.718421643352,-21593.84980318948,0.8007554544220765,0.8181215622915856
INCY,3982,t,,,3.9740432548709252,0.0003809316288148186,0.01824866365867043,8914.640565396297,-17825.281130792595,-17812.702051823348,4.4715002019510773e-13,3.641044132862703e-10,9238.722130070913,-18471.444260141827,-18452.575641687956,0.8267576002417049,0.9123360424869463
POOL,3982,t,,,3.514038622342264,0.0008710037017896628,0.012389451179249951,10240.41721580918,-20476.83443161836,-20464.255352649114,4.3640495897836113e-16,4.780987827857075e-10,10637.033877418056,-21268.067754836113,-21249.19913638224,0.8822050917996737,0.8518908500433735
RJF,3982,t,,,3.3423314096563708,0.001131274444710916,0.012631094476764734,10119.13237734592,-20234.26475469184,-20221.685675722594,1.722991204213349e-16,1.0350318380147883e-09,10496.021247234512,-20986.042494469024,-20967.173876015153,0.789971672338251,0.8064406720450272
CSCO,3982,t,,,2.9568880605789714,0.0007493802750637374,0.009525037159160695,10740.8446948819,-21477.6893897638,-21465.110310794553,5.3437873826801236e-33,3.776517987219563e-10,11448.137916398122,-22890.275832796244,-22871.407214342373,0.7554571350871178,0.8225010796581824
DHI,3982,t,,,4.1987215396741515,0.0006775821292801473,0.016555414420415637,9417.304860610431,-18830.609721220862,-18818.030642251615,3.622016358673278e-10,3.843692031324508e-11,9684.949211832427,-19363.898423664854,-19345.029805210983,0.9867059805921006,0.9938778847130356
CMCSA,3982,t,,,4.040476809037443,0.000730495039614885,0.011087960819134733,10939.702192888013,-21875.404385776026,-21862.82530680678,4.069865382768642e-12,4.762246152978378e-11,11240.664648262366,-22475.32929652473,-22456.46067807086,0.9785627156727745,0.9429185363205034
ITW,3982,t,,,3.140921510017816,0.0008420183885935496,0.009303730076100698,11201.79135572711,-22399.58271145422,-22387.00363248497,1.3359427589776935e-20,4.3463288523781785e-10,11629.134210331376,-23252.268420662753,-23233.39980220888,0.3281312852386602,0.34656583574445476
NOC,3982,t,,,3.2549559472085963,0.0010026225651372576,0.009404378804808072,11170.082780056608,-22336.165560113215,-22323.586481143968,2.5389984977945856e-20,2.0844426185107068e-10,11635.364230046422,-23264.728460092843,-23245.859841638972,0.9285887805084923,0.9314291863706229
RMD,3982,t,,,2.9800529102145834,0.0011919940560479814,0.010932907144390817,10120.45072303102,-20236.90144606204,-20224.32236709279,1.1716703571522686e-28,1.8620255337609137e-09,10910.786210460945,-21815.57242092189,-21796.70380246802,0.3198860403608793,0.24507435506050046
AEE,3982,t,,,4.257523507390568,0.0007915229169660129,0.009125607260508074,11645.131490355223,-23286.262980710446,-23273.6839017412,4.438406276503966e-12,8.22579004911006e-10,12070.987716313706,-24135.975432627412,-24117.10681417354,0.6279201979116275,0.44563969553495586
AVGO,3982,t,,,3.5045864900287604,0.0013835651933726022,0.015877787588910494,9244.268868336603,-18484.537736673206,-18471.95865770396,9.077059526956863e-16,5.143555581454962e-10,9645.808048575122,-19285.616097150243,-19266.747478696372,0.6807717792203973,0.9534065889472393
AXON,3982,t,,,2.936632459969779,0.0011495066116959463,0.018518938887835353,8217.012052454023,-16430.024104908047,-16417.4450259388,1.5802616475286926e-23,5.416032067273591e-10,8790.290200171341,-17574.580400342682,-17555.71178188881,0.826997032908733,0.9960078169036911
UNH,3982,t,,,3.0706917777129425,0.0009364823297524541,0.010431740577543223,10490.31264755052,-20976.62529510104,-20964.046216131792,5.849296527736297e-24,1.6690536730479266e-09,11141.34284993954,-22276.68569987908,-22257.817081425208,0.9779239314170296,0.9425299494683846
KR,3982,t,,,3.5238716392799745,0.0008144807065513428,0.010763760052017457,10719.55872699019,-21435.11745398038,-21422.538375011132,8.218461673258301e-17,3.0475511003658085e-11,11200.627805269862,-22395.255610539723,-22376.386992085852,0.7538622243675626,0.782827402857515
COP,3982,t,,,3.35646893021572,0.00044822461066737636,0.01372827668865922,9669.305294173362,-19334.610588346724,-19322.031509377477,4.025729015555507e-18,3.3477975946993865e-10,10169.867632874775,-20333.73526574955,-20314.86664729568,0.9161095677422946,0.9416346395488491
FCX,3982,t,,,3.4335159519075003,0.00019829016154318408,0.020922567287030576,8163.071533914068,-16322.143067828136,-16309.563988858887,2.803076717607679e-16,3.718154673038043e-10,8521.291773392986,-17036.583546785972,-17017.7149283321,0.6459168316100635,0.6110081553201455
BF-B,3982,t,,,3.4743070323234164,0.0005466169094310131,0.009962159935492872,10999.260578493235,-21994.52115698647,-21981.942078017222,1.5939673690303696e-19,9.150946667091375e-11,11491.028476013205,-22976.05695202641,-22957.18833357254,0.8815483118416694,0.9125949363076998
ALGN,3982,t,,,3.103275243089552,0.0007487386497800077,0.016955356628058596,8400.997235114548,-16797.994470229096,-16785.41539125985,6.904181397350356e-30,1.4945039650271497e-09,9222.263949787814,-18438.527899575627,-18419.659281121756,0.7140063659086202,0.8924534357911245
SNPS,3982,t,,,2.8131072799433845,0.0011267367396763112,0.010747647809190786,10138.147470305576,-20272.29494061115,-20259.715861641904,1.4406898085883495e-31,3.224829736581114e-09,10890.725252387432,-21775.450504774864,-21756.581886320993,0.7827248882299771,0.6349106886133224
SYK,3982,t,,,3.2243213311492736,0.0008914749712718785,0.009651022323348777,11019.055926716654,-22034.111853433307,-22021.53277446406,2.3790011213709104e-19,8.763737513461933e-10,11519.437129937283,-23032.874259874567,-23014.005641420696,0.7769592940268623,0.5907860189052251
STT,3982,t,,,3.228775367206781,0.000867987533242744,0.012656135533920298,9987.366271074865,-19970.73254214973,-19958.153463180483,1.479766169602336e-21,3.46871864564946e-10,10441.898458300424,-20877.796916600848,-20858.928298146977,0.6864035871665554,0.6109672766534748
TRV,3982,t,,,3.1680370319933067,0.0009113041651058133,0.008735760564638682,11280.173855571433,-22556.347711142866,-22543.76863217362,4.591769305028499e-22,4.83315942823026e-10,11891.96343837611,-23777.92687675222,-23759.058258298348,0.6127283618653128,0.4698814596352695
NEE,3982,t,,,3.236167155350328,0.0008780333144039272,0.008974005649135731,11310.165487406839,-22616.330974813678,-22603.75189584443,4.0858613962114345e-18,6.297732335625028e-10,11814.01443951624,-23622.02887903248,-23603.16026057861,0.6600013003666055,0.5742744450728254
ULTA,3982,t,,,2.981058902027213,0.0006340426951360562,0.013920726244317786,9140.649794155559,-18277.299588311118,-18264.72050934187,2.057843480080463e-29,2.0146765367101693e-09,9949.235954734137,-19892.471909468273,-19873.603291014402,0.9607349350016916,0.9782500888522341
CRM,3982,t,,,3.244561560757485,0.0008694926243302309,0.014611663313597605,9436.601239594585,-18869.20247918917,-18856.623400219923,3.666860250540827e-19,1.632125545825147e-10,9876.38550211156,-19746.77100422312,-19727.90238576925,0.7287405924679089,0.646894112859124
ODFL,3982,t,,,3.998843096518021,0.0012236913963911086,0.013993073293878177,10012.8063728387,-20021.6127456774,-20009.033666708154,3.1285693812688296e-11,4.0401793022226684e-11,10302.83963628982,-20599.67927257964,-20580.81065412577,0.9564594259408039,0.8854716576217856
BLDR,3982,t,,,3.5946066100804384,0.0007663757943631724,0.022772350430283535,7833.831573805975,-15663.66314761195,-15651.0840686427,2.59508731918788e-16,8.543996621312999e-10,8241.074122766493,-16476.148245532986,-16457.279627079115,0.4043468583564769,0.557594368664912
KEY,3982,t,,,3.1976738179958235,0.0006365379982165621,0.014629927359124818,9284.196774864411,-18564.393549728822,-18551.814470759575,1.137464088943394e-21,9.834633107885793e-11,9851.547624497289,-19697.095248994578,-19678.226630540707,0.5258109416754642,0.8601113785821668
PPG,3982,t,,,3.656137497514675,0.0007237093657829707,0.01115265757981708,10759.417471185061,-21514.834942370122,-21502.255863400875,1.3617975241902767e-14,4.321165647525049e-11,11104.15487266927,-22202.30974533854,-22183.44112688467,0.7420083289899657,0.5763595145830747
VMC,3982,t,,,3.675263642973854,0.0004903522367754132,0.013550046834671857,9961.964150550873,-19919.928301101747,-19907.3492221325,1.2815485889191253e-13,3.2995051135742415e-11,10335.032044404656,-20664.06408880931,-20645.19547035544,0.8979130218394707,0.9765618472625514
GOOG,3982,t,,,3.213419612221597,0.001064220916091767,0.011188368634319802,10493.13067316725,-20982.2613463345,-20969.682267365253,2.9619454434017583e-20,1.5780865503245423e-10,10926.269514276186,-21846.53902855237,-21827.6704100985,0.5786291736327663,0.42598247221224084
BDX,3982,t,,,3.65831511388179,0.0006816979249303878,0.008867945241730273,11532.85267023869,-23061.70534047738,-23049.126261508132,9.121829864174288e-20,4.2528647270501097e-11,12017.66675947501,-24029.33351895002,-24010.46490049615,0.8665662901790733,0.8681636690834406
AIZ,3982,t,,,3.429885897988439,0.0009969448962126222,0.01037171800632608,10727.256252565609,-21450.512505131217,-21437.93342616197,1.7071793886908414e-21,1.5159403732312171e-09,11314.260917342086,-22622.521834684172,-22603.6532162303,0.5268329871376154,0.5556826057043731
CCI,3982,t,,,3.78520438270182,0.0004672940339220941,0.010473757501750475,11077.737558261726,-22151.475116523452,-22138.896037554205,2.3414066842854545e-12,7.400751123043392e-10,11394.947980434114,-22783.895960868227,-22765.027342414356,0.821209023870766,0.7887237458752572
EQT,3982,t,,,3.593272995697429,0.00016157238895975713,0.01868640192918322,8708.803097323558,-17413.606194647116,-17401.02711567787,3.15896358848972e-15,4.86836126967205e-11,9028.047373704434,-18050.094747408868,-18031.226128954997,0.3786291035013899,0.4377167755868223
C,3982,t,,,2.998262593587567,0.0005583271995758674,0.013180028030250198,9656.434997002743,-19308.869994005487,-19296.29091503624,3.3101722768251183e-22,1.2538725613353563e-10,10175.456016609878,-20344.912033219756,-20326.043414765885,0.7257021464444713,0.8355098116252805
DXCM,3982,t,,,3.2246377903446506,0.0009974031907733134,0.018180366562310514,8253.08068648785,-16502.1613729757,-16489.582294006454,7.20561391506271e-25,4.42125103194968e-09,8997.827012691123,-17989.654025382246,-17970.785406928375,0.6863228854070771,0.8924448645851738
LYV,3982,t,,,2.840528380107493,0.0009261556926700176,0.014020573373020201,9276.928322888281,-18549.856645776563,-18537.277566807315,9.588532289114028e-25,1.0462878341499504e-09,9847.37132665674,-19688.74265331348,-19669.874034859607,0.9063964621363158,0.8672028297912759
EXC,3982,t,,,3.8777268126185476,0.0005440435736004325,0.009664063868767375,11284.987474891706,-22565.974949783413,-22553.395870814165,1.2203444261481119e-14,2.7095237165042363e-10,11742.779748894369,-23479.559497788738,-23460.690879334867,0.9364842098717439,0.7990469822545576
MCHP,3982,t,,,3.3091884854332867,0.0006839924940260284,0.014429047829796945,9469.207953156783,-18934.415906313567,-18921.83682734432,1.335392383444766e-17,3.131103154530024e-10,9952.921841260328,-19899.843682520655,-19880.975064066784,0.6340273177659355,0.7056170856853776
DVA,3982,t,,,2.810510015869026,0.0007482175145086792,0.01058597124061364,10219.856384315535,-20435.71276863107,-20423.133689661823,1.1741085430399396e-31,1.7115688866198298e-09,10949.639688180494,-21893.279376360988,-21874.410757907117,0.868966079134021,0.8434186669555209
TMO,3982,t,,,3.7426949234934206,0.0007599298015988023,0.01115862665691467,10856.113847987905,-21708.22769597581,-21695.648617006562,1.4681968288141322e-13,3.2163482988067926e-10,11129.64148755838,-22253.28297511676,-22234.414356662888,0.7641160792796319,0.8339222062023548
ALL,3982,t,,,3.123673987418334,0.0008486146816710794,0.009368745568222585,11090.003537086208,-22176.007074172416,-22163.42799520317,4.372632430576994e-20,1.6071415309681925e-09,11593.646541987455,-23181.29308397491,-23162.42446552104,0.6738826969785179,0.6919337801933194
HON,3982,t,,,3.1074344076079408,0.000712999016217591,0.009136813424594898,11206.353880723307,-22408.707761446614,-22396.128682477367,7.217333865918981e-21,1.0052484400446815e-09,11686.097021398073,-23366.194042796145,-23347.325424342274,0.9268418996658713,0.9004910972259496
ELV,3982,t,,,3.526286973194028,0.0007969102508302081,0.011922286847473599,10328.507549429736,-20653.015098859472,-20640.436019890225,4.513163393662349e-17,2.0603185824086268e-11,10794.386617405156,-21582.773234810313,-21563.90461635644,0.8761511273158863,0.9655419690268987
MET,3982,t,,,3.0875204710084065,0.0009072276917424112,0.012285322806812295,10036.690685460882,-20069.381370921765,-20056.802291952517,4.652143149072433e-24,1.2237197921649567e-09,10497.935213454004,-20989.870426908008,-20971.001808454137,0.45175410896075685,0.509213958961451
RCL,3982,t,,,2.558820743876672,0.0008691345215255,0.016469605499724732,8269.114753383083,-16534.229506766165,-16521.650427796918,9.664840461901628e-33,6.555667120267117e-10,9034.223748023738,-18062.447496047476,-18043.578877593605,0.945941247398732,0.9629245103323976
TER,3982,t,,,3.5441489279218352,0.0009246181594333095,0.0169754131628164,9012.276082224973,-18020.552164449946,-18007.9730854807,1.0125252720482582e-14,3.239611912064788e-10,9393.60198713794,-18781.20397427588,-18762.335355822008,0.7022301851190658,0.701336478173755
AME,3982,t,,,3.32069376271862,0.0008618378796972182,0.009870713033852046,10972.288413875092,-21940.576827750185,-21927.997748780937,3.024748366685611e-18,4.427567201759075e-10,11469.384682233216,-22932.769364466432,-22913.90074601256,0.7967902847580624,0.6501441258302323
COF,3982,t,,,3.190616993153926,0.0006236072011696961,0.013582324287542174,9612.661919793298,-19221.323839586596,-19208.74476061735,1.5778796191327057e-20,1.779065339491126e-09,10144.322783525471,-20282.645567050942,-20263.77694859707,0.5436053511572589,0.8629019165038617
NVR,3982,t,,,3.7237080803442084,0.0007423528702718971,0.012062948983766851,10319.940236500915,-20635.88047300183,-20623.301394032584,3.7770658758355886e-17,2.0268564604464245e-11,10813.400361478576,-21620.800722957152,-21601.93210450328,0.9685702843265352,0.957800222471481
MPWR,3982,t,,,3.3817849455592546,0.0013128813939894026,0.0177360189265124,8772.388306563893,-17540.776613127786,-17528.19753415854,1.4651726566868396e-15,1.122055892643914e-09,9159.704355245733,-18313.408710491465,-18294.540092037594,0.9307326839847048,0.8071087772033476
HBAN,3982,t,,,3.2197233764366775,0.0006986395406012744,0.013698229479828135,9686.267557988635,-19368.53511597727,-19355.95603700802,1.3596205457785772e-18,9.705369841128686e-11,10122.961670361088,-20239.923340722176,-20221.054722268305,0.4290430912350224,0.9875341386291413
DE,3982,t,,,3.334837150737124,0.0007226042742807647,0.011743157383906574,10410.420325113731,-20816.840650227463,-20804.261571258216,7.215857323657172e-17,1.1242867747895957e-09,10783.31274045382,-21560.62548090764,-21541.75686245377,0.8464431366183015,0.7656678891811287
ABT,3982,t,,,3.6113299763754756,0.0007592257844555121,0.009201116984537128,11473.058818855363,-22942.117637710726,-22929.53855874148,1.3309594718270453e-17,1.5600842839802453e-10,11855.31510081347,-23704.63020162694,-23685.76158317307,0.891132004192432,0.8419587016475766
COST,3982,t,,,3.62019652688255,0.0009171238573892762,0.00862972950402972,11698.399555848791,-23392.799111697583,-23380.220032728335,1.8860585717736808e-15,1.7362022930456078e-10,12113.520934685612,-24221.041869371224,-24202.173250917353,0.9666852949457488,0.9930136615096593
CVS,3982,t,,,3.432768674453296,0.0006818071493867077,0.010470880035876696,10775.986704599112,-21547.973409198225,-21535.394330228977,3.3088807273382348e-18,1.307847163900533e-10,11277.493164853424,-22548.986329706848,-22530.117711252977,0.9477752174999451,0.9112824902526221
SBUX,3982,t,,,3.078092954996773,0.000625051948798472,0.01060752229759655,10450.094162148547,-20896.188324297094,-20883.609245327847,2.1405456038130487e-24,7.210935182300204e-10,11078.247403586982,-22150.494807173964,-22131.626188720093,0.9971914733729909,0.9970450763531935
ROL,3982,t,,,3.337099195064133,0.0009877777624138634,0.009957963967911591,10967.442842679655,-21930.88568535931,-21918.306606390062,1.4780210166341345e-18,8.710532295452822e-11,11440.826347274353,-22875.652694548706,-22856.784076094835,0.8009041710615465,0.8100976997992979
PGR,3982,t,,,3.544674894063176,0.0008944078047921597,0.009553465277046043,11268.969709547422,-22533.939419094844,-22521.360340125597,2.9315874412503836e-15,2.8341895497163705e-10,11682.863963515581,-23359.727927031163,-23340.85930857729,0.6459857036102961,0.7944684551456886
SCHW,3982,t,,,3.6970151054125195,0.0006704424221937819,0.014184020613707302,9841.782263675359,-19679.564527350718,-19666.98544838147,6.516443529367194e-15,1.2508993840754101e-11,10159.946902285212,-20313.893804570424,-20295.025186116553,0.9111730579033609,0.8005069923488308
AON,3982,t,,,3.178608007733379,0.0009429442472249428,0.008704616733660651,11389.787953730387,-22775.575907460774,-22762.996828491527,3.9404248407180275e-22,2.308845559184647e-09,11910.830251099838,-23815.660502199677,-23796.791883745806,0.5270449424863102,0.5062741488316524
BSX,3982,t,,,3.288516677235949,0.0007548069125478123,0.01166811273046603,10393.565306926292,-20783.130613852583,-20770.551534883336,3.041424530665228e-16,2.1549650952579213e-11,10790.285045163788,-21574.570090327576,-21555.701471873705,0.7046115797887131,0.8683320205983601
PSA,3982,t,,,4.033172492655201,0.000743119169373562,0.010102555839470145,11324.10366199301,-22644.20732398602,-22631.62824501677,4.3765015036556e-11,4.362465944041105e-11,11609.314707591908,-23212.629415183816,-23193.760796729945,0.8498001661554393,0.8192235610574186
TTWO,3982,t,,,3.4684747788311627,0.0008596071291376632,0.014741110345387665,9565.641104135437,-19127.282208270874,-19114.703129301626,4.2878919592503766e-14,1.9044610333196488e-10,9928.612132810184,-19851.224265620367,-19832.355647166496,0.7672221741941305,0.7598967943973338
HPQ,3982,t,,,2.9192163349337665,0.0009129728609898735,0.012840960967466581,9603.489553316447,-19202.979106632894,-19190.400027663647,2.4208042978826802e-30,3.98852872951494e-09,10239.322004564998,-20472.644009129996,-20453.775390676125,0.8284810825356556,0.7030005189832956
CNC,3982,t,,,3.199266795168192,0.000857751421177432,0.014695677479239395,9142.132229064515,-18280.26445812903,-18267.685379159782,4.1756004949159284e-26,2.316740244090454e-09,9834.367694480958,-19662.735388961915,-19643.866770508044,0.9762047560536542,0.986073040505609
GWW,3982,t,,,3.485076039474267,0.0007695844171305029,0.010866648988629934,10667.702124467127,-21331.404248934254,-21318.825169965006,1.0311755511930012e-17,6.421163600833779e-11,11148.898643555374,-22291.79728711075,-22272.928668656878,0.799547833267249,0.8745854124690455
AXP,3982,t,,,2.8596075293926972,0.0009312117759917689,0.01073200461074512,10283.448241566199,-20562.896483132397,-20550.31740416315,3.513917318471067e-28,1.9700641118447493e-10,10922.147861824797,-21838.295723649593,-21819.427105195722,0.5003420890316017,0.44886218069839556
DD,3982,t,,,3.3236160756259876,0.0004751808557025073,0.01285306204953656,9986.402115552744,-19968.80423110549,-19956.22515213624,9.983275331356425e-18,4.841516076936614e-11,10419.251757330314,-20832.503514660628,-20813.634896206757,0.7283018927233216,0.8025837376747018
FDX,3982,t,,,3.1758379915250847,0.000639294110656516,0.011744696638253196,10117.738707248387,-20231.477414496774,-20218.898335527527,1.6538014737674538e-24,2.2621293727098646e-10,10716.769006563401,-21427.538013126803,-21408.669394672932,0.8424608137530243,0.9009961204069432
FAST,3982,t,,,3.457486691710815,0.0008586202790557319,0.011203718822007713,10640.347991354893,-21276.695982709785,-21264.116903740538,8.142895975110303e-17,4.2050141146887654e-10,11017.240806930704,-22028.481613861408,-22009.612995407537,0.3771607086847649,0.4385040722760968
EQIX,3982,t,,,3.574800500688978,0.0008284640015812127,0.012046186498366394,10198.469979991172,-20392.939959982345,-20380.360881013097,1.4989769612188922e-17,6.841359700970884e-10,10770.076077786955,-21534.15215557391,-21515.283537120038,0.6936479029734246,0.6264543778605024
EOG,3982,t,,,3.582913858804986,0.00028927159476766276,0.015989041905433633,9242.33389460074,-18480.66778920148,-18468.088710232234,4.881702907310241e-16,6.053001433414806e-10,9645.313402653584,-19284.62680530717,-19265.758186853298,0.6580074741156916,0.8147435165727641
URI,3982,t,,,3.827706271084973,0.0014562321014723462,0.01978525832682921,8558.464492881643,-17112.928985763287,-17100.34990679404,2.0377156954764496e-11,3.4970060180938844e-10,8874.92653210472,-17743.85306420944,-17724.98444575557,0.9487369148971714,0.9681353909557497
NEM,3982,t,,,3.9058031217597353,0.000371077325473289,0.01607926415487352,9468.817046083064,-18933.63409216613,-18921.05501319688,1.047830974740928e-11,5.243927514442248e-11,9723.54333336926,-19441.08666673852,-19422.21804828465,0.8281679033501004,0.8069142553560085
BRK-B,3982,t,,,3.424846642029218,0.00048011287377188464,0.007994764013123504,11883.056916294503,-23762.113832589006,-23749.53475361976,1.7247921012558742e-17,3.3357427930980066e-11,12348.905837928924,-24691.811675857847,-24672.943057403976,0.7710932145478303,0.9412846908084608
WEC,3982,t,,,4.158082338034778,0.0008836187288874596,0.008730996152194746,11762.320486239987,-23520.640972479974,-23508.061893510727,4.50203986239891e-14,7.45522532596965e-11,12222.668303973815,-24439.33660794763,-24420.467989493758,0.5261357403120466,0.5091695437669432
MTD,3982,t,,,3.914615139274926,0.0010836865808218697,0.012578877095485178,10442.751175829047,-20881.502351658095,-20868.923272688848,7.430643074707697e-13,1.723261533470577e-10,10703.707810322834,-21401.41562064567,-21382.547002191797,0.6450248580204602,0.40790672559160635
PG,3982,t,,,3.409806235020935,0.0005326655619512692,0.007035919003281594,12370.775561019136,-24737.551122038272,-24724.972043069025,3.105887327995264e-19,7.495282172698126e-11,12851.976949713726,-25697.95389942745,-25679.08528097358,0.8901003992625156,0.9711780757231439
FSLR,3982,t,,,3.212767024621815,1.1038437454602514e-05,0.021710569867261997,7844.049151720111,-15684.098303440222,-15671.519224470972,1.6153895082871395e-20,2.1751911383205424e-10,8286.180031558812,-16566.360063117623,-16547.491444663752,0.8658341300028807,0.8702770044072545
LLY,3982,t,,,2.937449459601257,0.0009683561056744684,0.009810549279523136,10727.023738684902,-21450.047477369804,-21437.468398400557,3.4714543930605765e-25,1.1087193385606042e-09,11320.612366412955,-22635.22473282591,-22616.35611437204,0.743608024090818,0.7111035662110672
PFE,3982,t,,,3.5334454967144895,0.0001471058180456013,0.00952713514883017,11386.657470179092,-22769.314940358185,-22756.735861388937,3.4533826065064394e-14,2.59675614344701e-11,11689.934575176028,-23373.869150352057,-23355.000531898186,0.5298915729115035,0.7250890608744434
DAL,3982,t,,,3.547461472702743,0.0005626488398631467,0.017313124711560157,8897.491913179838,-17790.983826359676,-17778.40474739043,5.157736930375235e-16,8.375525828441255e-10,9316.29455093116,-18626.58910186232,-18607.720483408448,0.840731389587039,0.7743753882300312
CB,3982,t,,,3.1530632228572784,0.000676264701416561,0.008758937282835031,11369.424273591338,-22734.848547182675,-22722.269468213428,4.3984740181339885e-20,1.234831792373825e-09,11874.7947410378,-23743.5894820756,-23724.72086362173,0.8801186653091385,0.858084383827393
BXP,3982,t,,,3.2815091033773225,0.0005655100565424917,0.011695302632351287,10336.487381921475,-20668.97476384295,-20656.395684873703,8.201110868894005e-19,1.6005130554219704e-10,10778.152669591738,-21550.305339183476,-21531.436720729605,0.5631542279086552,0.5733684024427199
MGM,3982,t,,,3.2173697873069544,0.0004942875414066911,0.01774767917248985,8535.325302135225,-17066.65060427045,-17054.071525301202,5.2491918017647846e-21,2.7505060451460395e-09,9090.69362436541,-18175.38724873082,-18156.51863027695,0.544146913569931,0.6589978650408206
TPL,3982,t,,,3.0441989524893245,0.0012551618999948498,0.016242720444502208,8874.565055354438,-17745.130110708877,-17732.55103173963,8.776840884850378e-24,2.310225122315046e-09,9365.670251795356,-18725.340503590713,-18706.47188513684,0.48889715747170637,0.5012441661531779
CTAS,3982,t,,,2.861335151091657,0.0011412663458340235,0.009044773923084318,10928.576283204737,-21853.152566409473,-21840.573487440226,2.588911104495918e-28,3.1397728861293217e-10,11604.153663090947,-23202.307326181894,-23183.438707728023,0.48438293578685854,0.3613902903120346
BLK,3982,t,,,3.495568312205532,0.0007826911232389259,0.01167377065141641,10490.69361919213,-20977.38723838426,-20964.808159415014,1.1901606800132552e-18,3.3676739175092507e-10,10867.350878983045,-21728.70175796609,-21709.83313951222,0.8119016784346552,0.851357047450237
AOS,3982,t,,,3.843030134358318,0.0007540778356815744,0.01225063589586409,10545.27329586024,-21086.54659172048,-21073.96751275123,1.1735258954138782e-11,1.4478962473418733e-10,10788.27808224049,-21570.55616448098,-21551.687546027108,0.4278577252643079,0.3275483860389884
BKR,3982,t,,,3.944280015502912,0.0004642588729881608,0.01686829866386833,9213.564695493773,-18423.129390987546,-18410.5503120183,6.446420098704892e-13,3.53233886585258e-10,9543.664759206564,-19081.329518413128,-19062.460899959256,0.8928621830554108,0.9134474142102821
ZBRA,3982,t,,,3.0694572225929235,0.0008516409022051212,0.014032010871176281,9345.193474289177,-18686.386948578354,-18673.807869609107,7.246253947786275e-23,6.172947708549259e-10,9960.169454849169,-19914.338909698337,-19895.470291244466,0.7516702462695036,0.8259419493031717
MTB,3982,t,,,2.975948540927364,0.0006329663949648813,0.011670185744323098,10159.968093604453,-20315.936187208907,-20303.35710823966,8.650406612352573e-25,9.502576503450655e-11,10648.845718529908,-21291.691437059817,-21272.822818605946,0.5133871198513595,0.610617179198971
DECK,3982,t,,,3.442224792989656,0.0011824499153622937,0.017848906082110642,8636.918141462274,-17269.83628292455,-17257.2572039553,4.2766655040208445e-17,1.7729440138225527e-10,9157.187501502696,-18308.375003005393,-18289.50638455152,0.8758681419678799,0.7966427307416679
CHRW,3982,t,,,3.2847441633802594,0.0007673365286171663,0.010261254758214657,10688.35334739815,-21372.7066947963,-21360.127615827052,7.963491466617139e-22,1.500004565002655e-10,11300.3808366097,-22594.7616732194,-22575.89305476553,0.41993891353200874,0.42638607647401106
BRO,3982,t,,,3.220017824767158,0.0009581356148541539,0.00882914158718195,11378.837987534873,-22753.675975069746,-22741.0968961005,7.74068500129556e-20,6.524077944547457e-10,11872.017252826754,-23738.034505653508,-23719.165887199637,0.8516177020090188,0.8602749644414764
BA,3982,t,,,2.6938587668892104,0.000670952411020945,0.01259787273725912,9428.735365367604,-18853.470730735207,-18840.89165176596,1.8347206815846403e-33,5.296971750112789e-09,10188.475313523924,-20370.95062704785,-20352.082008593978,0.8964703239847058,0.9734563956494653
JBL,3982,t,,,3.113738202323333,0.0012051393771005867,0.014574051958902101,9328.027503755824,-18652.055007511648,-18639.4759285424,3.8855130237387363e-22,1.4901508915698969e-09,9829.648353436154,-19653.29670687231,-19634.428088418437,0.9126404152289698,0.87249702419348
HUBB,3982,t,,,3.5011270093458275,0.0008698636752084358,0.011303609901740088,10601.457342351436,-21198.91468470287,-21186.335605733624,1.107301537584121e-16,5.591603846610838e-10,10997.650101340827,-21989.300202681654,-21970.431584227783,0.7611032601684162,0.8052633339176251
NTRS,3982,t,,,3.2029414236582756,0.0007120333126538166,0.01137238803072717,10398.286557815147,-20792.573115630294,-20779.994036661046,1.2152413909748692e-19,4.2447489967401e-10,10856.796371302407,-21707.592742604815,-21688.724124150944,0.9148489959418076,0.8322921380266003
MS,3982,t,,,3.3778008935571004,0.0007754392942128779,0.013962737049228059,9680.7098312474,-19357.4196624948,-19344.840583525554,2.9550804944534493e-18,2.9995783634717554e-11,10110.677290797983,-20215.354581595966,-20196.485963142095,0.8903027608215321,0.8363047701776192
ON,3982,t,,,3.9237323499003747,0.0008115191101377212,0.020220509077957645,8462.785961406833,-16921.571922813666,-16908.99284384442,1.6458932379858656e-12,3.836042594684841e-12,8816.116093285094,-17626.23218657019,-17607.363568116318,0.3600347937730878,0.8885813737123037
F,3982,t,,,3.199675597159234,0.0004948503248861018,0.013955640374042115,9622.613501510452,-19241.227003020904,-19228.647924051656,1.6638320684463945e-17,1.2944967320294154e-10,10040.291276497443,-20074.582552994885,-20055.713934541014,0.36071092218225387,0.6426389838905167
IFF,3982,t,,,3.1064874121952326,0.0006013082217230124,0.01023617776790613,10562.445948706549,-21120.891897413097,-21108.31281844385,1.9869890071476773e-28,2.322926073716758e-09,11233.265698152398,-22460.531396304796,-22441.662777850925,0.9503663857339324,0.9595931230935146
REGN,3982,t,,,3.5868581827327732,0.0001537542342916979,0.01604761607334307,9217.699931465151,-18431.399862930302,-18418.820783961055,1.4913589744984488e-17,6.094155180491612e-10,9632.074056087677,-19258.148112175353,-19239.279493721482,0.737714190471576,0.6784924913399997
WY,3982,t,,,3.771157224840656,0.0004609395813311106,0.01271586880067568,10094.33210371681,-20184.66420743362,-20172.085128464372,2.4285334563726317e-17,3.780131763164718e-11,10618.210445072738,-21230.420890145477,-21211.552271691606,0.5501380754252737,0.8189059698226538
ZBH,3982,t,,,3.247605591962199,0.0003506117247734933,0.010350574193547237,10756.009083459776,-21508.01816691955,-21495.439087950304,8.516155566037395e-21,4.971077993687345e-10,11250.570264189406,-22495.14052837881,-22476.27190992494,0.7641765610576498,0.8007233952102446
FDS,3982,t,,,3.2631648853523685,0.0011166397401999395,0.009989764348861545,10900.662070594357,-21797.324141188714,-21784.745062219466,3.522798597732736e-20,1.3258507625124594e-09,11398.320894915236,-22790.64178983047,-22771.7731713766,0.17014934610051535,0.11125241388945295
MHK,3982,t,,,3.054563947541422,0.00037461416726628475,0.014521379347055323,9227.283839348107,-18450.567678696214,-18437.988599726967,3.4395958576362134e-24,6.821906373133402e-10,9816.62435417666,-19627.24870835332,-19608.38008989945,0.22738708323476742,0.35799066412847647
REG,3982,t,,,3.2508596473343694,0.0006207934955820929,0.010584156741148348,10479.717961192844,-20955.435922385688,-20942.85684341644,8.888015183538211e-23,1.2731496967788303e-09,11163.063909620298,-22320.127819240595,-22301.259200786724,0.6106414726268847,0.641168878923039
TYL,3982,t,,,3.5064757447080948,0.0009593953248152194,0.012056626169423181,10350.316272464752,-20696.632544929504,-20684.053465960256,3.0494314669931573e-15,3.5432101697097096e-10,10742.7645160371,-21479.5290320742,-21460.660413620328,0.9484434048910697,0.908798122464358
BAC,3982,t,,,3.1507265523556818,0.00048467321155961556,0.01335896797800155,9726.661360855065,-19449.32272171013,-19436.743642740883,1.4276102017762174e-19,5.530104152384752e-10,10192.895747050203,-20379.791494100406,-20360.922875646535,0.9540761050282693,0.9629954440744335
VRSK,3982,t,,,3.044902385309107,0.0007980187997207164,0.008485737762638036,11352.119458956113,-22700.238917912226,-22687.65983894298,7.928915965486905e-25,4.904553430051806e-10,11951.346055638742,-23896.692111277483,-23877.823492823612,0.6889864166402261,0.8747477511259593
UNP,3982,t,,,3.896819266212354,0.0006601226986406307,0.010965659095209829,10912.714136557384,-21821.42827311477,-21808.84919414552,4.918158754623247e-12,3.2206015632141316e-10,11245.140100611228,-22484.280201222457,-22465.411582768586,0.9338902939419346,0.9848986533541778
GRMN,3982,t,,,3.1499103935555075,0.0006943403061890166,0.010858643978523645,10394.634400093004,-20785.268800186008,-20772.68972121676,1.3866234381940517e-21,3.9147662889149615e-10,11017.703350492848,-22029.406700985695,-22010.538082531824,0.8951412169405081,0.9864561985538224
CSX,3982,t,,,3.91695419925739,0.0007954570748578999,0.01201257486407364,10503.321234158482,-21002.642468316964,-20990.063389347717,7.032422398557885e-14,1.2032597140887447e-11,10887.789332616241,-21769.578665232482,-21750.71004677861,0.9461526529299132,0.9592020768437628
LEN,3982,t,,,3.814801044866038,0.0004921775700124349,0.016421946981804263,9303.567891480665,-18603.13578296133,-18590.556703992082,6.335107942584909e-13,4.566236277980806e-12,9612.985492313102,-19219.970984626205,-19201.102366172334,0.274199421348997,0.5083144436063074
CPT,3982,t,,,3.561654710250803,0.0006914224674587131,0.010116781063311493,11034.39812956261,-22064.79625912522,-22052.217180155974,1.0515069940262531e-14,1.2586901521061122e-09,11460.610329706102,-22915.220659412204,-22896.352040958333,0.3981229927840697,0.23585788982043998
HIG,3982,t,,,2.753182666802439,0.0009009106219639925,0.01122373106104601,9971.973981035604,-19939.947962071208,-19927.36888310196,3.2327896230490455e-30,1.9003921769567e-09,10683.857587826613,-21361.715175653226,-21342.846557199355,0.5030091453734761,0.37452061653583013
ETN,3982,t,,,3.4991757497941434,0.0009623498363575947,0.012087398793159471,10321.989723647099,-20639.979447294198,-20627.40036832495,3.3327372276970135e-17,1.005783123453341e-09,10730.003748446325,-21454.00749689265,-21435.13887843878,0.9265735731832955,0.7895222815500564
EFX,3982,t,,,3.0326759704901467,0.0009271950294285756,0.010679027884041837,10495.532961583154,-20987.06592316631,-20974.48684419706,1.4866716265178023e-23,1.4597045794317864e-10,11030.017612945287,-22054.035225890573,-22035.166607436702,0.8483465917184665,0.8664818046610419
LMT,3982,t,,,3.2350581941181193,0.00093181418089412,0.008382386565634233,11511.090297762526,-23018.180595525053,-23005.601516555806,2.0503591304403582e-23,9.018452651332609e-11,12085.157043337495,-24164.31408667499,-24145.445468221118,0.9090046432271504,0.824381898522952
BK,3982,t,,,3.48613596554861,0.0008763667703236596,0.01138241596747303,10578.110820235805,-21152.22164047161,-21139.64256150236,3.3855591930665312e-18,8.258624895063349e-10,10964.617111394127,-21923.234222788255,-21904.365604334384,0.6634965529866411,0.4341729648614773
AZO,3982,t,,,3.7390901429713006,0.0009285198360303882,0.009778909080052068,11145.513160358456,-22287.026320716912,-22274.447241747665,5.118764552219708e-17,1.571423435819952e-09,11654.078027950965,-23302.15605590193,-23283.28743744806,0.8148647908951494,0.8509569542639381
JNJ,3982,t,,,3.3937909998043247,0.000543429522852007,0.006953509658745301,12434.904351765601,-24865.808703531202,-24853.229624561955,1.334077708297023e-19,7.258327272552378e-11,12892.819479891801,-25779.638959783602,-25760.77034132973,0.7086533304411703,0.6509715017630324
PNC,3982,t,,,3.297553898740836,0.0007266776126925583,0.011620937462403901,10402.237975545204,-20800.475951090408,-20787.89687212116,1.3682259042817595e-19,5.945621772696086e-11,10810.097023934632,-21614.194047869263,-21595.325429415392,0.4381847312740125,0.423768948963572
OMC,3982,t,,,3.5464690371400702,0.0006428554693314256,0.010725249083476352,10813.64523983603,-21623.29047967206,-21610.711400702814,1.6967327916223105e-16,5.228154575931399e-10,11222.805279175267,-22439.610558350534,-22420.741939896663,0.42700381641141727,0.6510960160810926
HSIC,3982,t,,,3.5509002112002523,0.000670827797839246,0.010462350360582469,10963.539957613735,-21923.07991522747,-21910.500836258223,1.035528445857255e-14,8.526912509410067e-11,11323.140213818639,-22640.280427637277,-22621.411809183406,0.746522970394926,0.7703393468108917
HUM,3982,t,,,2.785788165505825,0.0009030963744985842,0.011281000577742444,9970.795489220367,-19937.590978440734,-19925.011899471487,1.5831657944257373e-28,1.1512533149016235e-09,10682.40189202039,-21358.80378404078,-21339.93516558691,0.8253634150133452,0.8338311948678689
DLR,3982,t,,,3.8700827489570115,0.0010835824946445172,0.011887764860169632,10577.33168894857,-21150.66337789714,-21138.084298927894,2.475779148441143e-15,1.3480661031906038e-11,10915.927622621517,-21825.855245243034,-21806.986626789163,0.3398250792018621,0.3200904753022693
EG,3982,t,,,3.201310813122566,0.0006755199031963858,0.009794138111339282,10953.809655992327,-21903.619311984654,-21891.040233015407,2.178034637585869e-17,5.386040502486367e-10,11451.01609965886,-22896.03219931772,-22877.16358086385,0.6066797376112061,0.7446954380837364
TXN,3982,t,,,3.840814530676714,0.0009031040038205188,0.01238488681521719,10429.737860309211,-20855.475720618422,-20842.896641649175,7.926305830246844e-13,6.763750670657487e-10,10744.22818310513,-21482.45636621026,-21463.587747756388,0.6510604507508033,0.5539158698499219
GIS,3982,t,,,3.7713409078497095,0.0006154739863672712,0.008493365533926671,11887.765067099985,-23771.53013419997,-23758.951055230722,1.0579992541077976e-14,3.012146088110512e-11,12225.295691644096,-24444.591383288192,-24425.72276483432,0.7414302215416411,0.5721462735751008
BX,3982,t,,,3.6095089538340615,0.0010438175119640482,0.015302264809498214,9527.352209315224,-19050.70441863045,-19038.1253396612,2.430227958740531e-13,2.3849922037300075e-11,9829.114010841171,-19652.228021682342,-19633.35940322847,0.7925485778339103,0.6734200466402336
CRL,3982,t,,,3.1984005099795656,0.0009560100794276081,0.013284393075909309,9646.637104948903,-19289.274209897805,-19276.695130928558,2.8269523216632253e-24,2.1279655815220622e-10,10236.051129876154,-20466.102259752308,-20447.233641298437,0.8963440105663747,0.7343802085283162
TECH,3982,t,,,3.2091273860620033,0.0004727638394549605,0.01194989775561021,10323.202164438078,-20642.404328876157,-20629.82524990691,7.971043351723578e-18,2.852684755083601e-11,10662.177927803665,-21318.35585560733,-21299.48723715346,0.12088579983812309,0.19604381793571535
MMM,3982,t,,,2.92211373192427,0.0007176221903498234,0.00890234545246777,11099.592560716417,-22195.185121432834,-22182.606042463587,9.673577138456183e-26,1.7354534476154981e-09,11699.500055061166,-23393.00011012233,-23374.13149166846,0.5796937979432002,0.42495065084975725
WAB,3982,t,,,3.2997110859750878,0.00084965483821682,0.01235196145291006,10151.22691537653,-20298.45383075306,-20285.874751783813,9.261837809225158e-19,4.369704598161661e-11,10568.046581818162,-21130.093163636324,-21111.224545182453,0.8965809685691593,0.8978645995171642
PCG,3982,t,,,2.01,0.0006501887410747607,0.010086960124269483,8176.830026345868,-16349.660052691735,-16337.080973722486,7.296563206884864e-111,8.760637215665668e-09,10493.999363935505,-20981.99872787101,-20963.13010941714,0.4194829267719532,0.3488195292025251
JBHT,3982,t,,,4.212214104398088,0.0004791068841888061,0.012250002871207807,10540.913395006239,-21077.826790012477,-21065.24771104323,6.563997498090535e-13,6.869260715802739e-11,10887.570898196174,-21769.14179639235,-21750.273177938478,0.5981931524785566,0.7349495181837082
FE,3982,t,,,3.664460177465936,0.0006403110144505645,0.009569789442971162,11077.167227058091,-22150.334454116182,-22137.755375146935,8.307339780109289e-21,2.913007834948189e-09,11716.376257474458,-23426.752514948916,-23407.883896495045,0.4292022030255557,0.29807904897356374
DG,3982,t,,,3.3291471266786594,0.0006979173098632667,0.011130942647808947,10229.515922774275,-20455.03184554855,-20442.452766579303,3.6570342047359505e-27,1.825500861585283e-10,10994.247807054873,-21982.495614109746,-21963.626995655875,0.3756904297659017,0.8748826487943738
LULU,3982,t,,,3.014097456630246,0.0007782388096398136,0.015844505920588725,8830.772491974614,-17657.54498394923,-17644.96590497998,1.0408118858816855e-25,8.520699701364265e-10,9450.05732416986,-18894.11464833972,-18875.24602988585,0.9580203245347181,0.9891652057227304
ADI,3982,t,,,3.7173617946703956,0.0008086693473932061,0.012995135940170193,10164.780730053208,-20325.561460106415,-20312.982381137168,4.214600603811976e-15,3.6303626771427844e-11,10515.010641164354,-21024.021282328707,-21005.152663874836,0.5835798895813193,0.5928947172089781
CVX,3982,t,,,3.211884744953138,0.0006521614512073353,0.010456708841406273,10595.901741110974,-21187.80348222195,-21175.2244032527,3.1031555296281405e-25,3.2889990730922136e-10,11194.894552658734,-22383.789105317468,-22364.920486863597,0.6178062525037846,0.700170501991129
CI,3982,t,,,3.4070634543224037,0.000903325837504373,0.011872233209328772,10271.018405639672,-20538.036811279344,-20525.457732310097,9.477676283894091e-19,1.9463397560315343e-10,10767.685032110014,-21529.370064220027,-21510.501445766156,0.9252364379682745,0.897177316529075
UDR,3982,t,,,3.4141474608435383,0.0007678376185516642,0.010321153254450195,10892.409395391856,-21780.818790783713,-21768.239711814465,3.733937584125254e-17,4.748179627256377e-11,11327.852469018573,-22649.704938037146,-22630.836319583275,0.4073345858533056,0.3286232441301691
MTCH,3982,t,,,3.403521514034959,0.00039057249570332827,0.016862068860724208,8933.251283795089,-17862.502567590178,-17849.92348862093,1.1946671210451629e-18,4.287969979088757e-11,9369.209959918258,-18732.419919836517,-18713.551301382646,0.536881340959562,0.6826641029582818
TRMB,3982,t,,,3.4804536344267127,0.0006207089138815375,0.01383013663740201,9673.174265189962,-19342.348530379924,-19329.769451410677,4.761133693203097e-17,1.8338985885435477e-10,10187.012851074833,-20368.025702149665,-20349.157083695794,0.6703889462877657,0.6277186342914411
NKE,3982,t,,,3.1392954751415254,0.0005031206782445097,0.01106840749800661,10310.092260586538,-20616.184521173076,-20603.60544220383,4.526657253642182e-24,4.6312831347705696e-10,10936.818107349893,-21867.636214699785,-21848.767596245914,0.850789047798657,0.8608402763163007
A,3982,t,,,3.595094393612124,0.0009543855347566019,0.01252515687753446,10311.243346075113,-20618.486692150225,-20605.907613180978,2.8002637039941647e-18,3.237976553549515e-11,10621.714485186805,-21237.42897037361,-21218.56035191974,0.596974295450529,0.5816103844559466
YUM,3982,t,,,3.2959570345625675,0.0007486450034483509,0.009309873695556126,11095.61943656129,-22187.23887312258,-22174.659794153333,4.297068360829646e-21,1.192821397211219e-10,11692.367342962847,-23378.734685925694,-23359.866067471823,0.7934700608601155,0.8542687791137709
LH,3982,t,,,3.217256886992164,0.0007677104668221411,0.009519495601982966,10962.262053932738,-21920.524107865476,-21907.94502889623,4.855719189563063e-24,2.6794988450262736e-10,11571.0873906428,-23136.1747812856,-23117.30616283173,0.9397383510357488,0.8056067401404217
KO,3982,t,,,3.396800414203299,0.0005658092855651722,0.0070482969543825755,12383.72016789865,-24763.4403357973,-24750.86125682805,3.627714863893174e-18,5.4187987430509565e-11,12840.072350083941,-25674.144700167883,-25655.27608171401,0.7318979348811343,0.8985364359621748
SWK,3982,t,,,2.9776350769144004,0.0004793223667811419,0.012479173869049565,9771.351167460318,-19538.702334920636,-19526.12325595139,9.25623128087245e-23,1.4713102958197055e-09,10382.841564485392,-20759.683128970784,-20740.814510516913,0.5105619253005114,0.48586266201723916
IPG,3982,t,,,3.180500378617147,0.0005677538483892873,0.01289424228128909,9851.922528663556,-19699.84505732711,-19687.265978357864,2.2401904530360847e-19,5.796947366576433e-10,10346.975382231056,-20687.95076446211,-20669.08214600824,0.8586718492367272,0.939766331101057
AVY,3982,t,,,3.3633448196033084,0.0006570241828220435,0.010973326374012264,10579.241855864773,-21154.483711729546,-21141.9046327603,2.858613780073316e-16,1.8055046346887593e-10,11064.450753516758,-22122.901507033515,-22104.032888579644,0.8155567226629526,0.7713461248965761
INTU,3982,t,,,2.8724864703264323,0.001105025573968499,0.011228791337195614,10261.17620465037,-20518.35240930074,-20505.773330331493,1.534941466215572e-22,2.1438495423353743e-10,10748.895137243313,-21491.790274486626,-21472.921656032755,0.33097255647694834,0.38465898199234894
WST,3982,t,,,3.2335658246170613,0.0008806856552245176,0.01149478731939614,10004.210860475694,-20004.421720951388,-19991.84264198214,3.165770218745428e-28,1.1531806620723728e-09,10827.172813180361,-21648.345626360722,-21629.47700790685,0.9668547074310153,0.9442530464758948
UAL,3982,t,,,3.139048547500084,0.0003497004848064939,0.0192313005550783,8210.971336898438,-16417.942673796875,-16405.363594827628,7.857714083965541e-22,2.0983466075819024e-09,8736.90826877495,-17467.8165375499,-17448.94791909603,0.8795019962712068,0.8931072548945006
FICO,3982,t,,,3.026960594946975,0.0013888111487160401,0.013004753390163697,9569.605035881366,-19135.210071762733,-19122.630992793485,1.0028995500554173e-23,3.111490509688508e-09,10242.69769089602,-20479.39538179204,-20460.52676333817,0.8616976160679137,0.776331045538465
ROST,3982,t,,,3.1765236072771197,0.0007867780749255782,0.011173976460939691,10289.659504202751,-20575.319008405502,-20562.739929436255,2.9373172547233367e-21,3.9252390227062506e-10,10915.435064504458,-21824.870129008916,-21806.001510555045,0.9951735526086374,0.9974796280038235
AWK,3982,t,,,3.8746595327850133,0.0008878938651116327,0.009345155659280527,11462.097019131243,-22920.194038262485,-22907.614959293238,3.79171370845662e-13,5.3270388100656874e-11,11875.538165593225,-23745.07633118645,-23726.20771273258,0.42199466938192165,0.37650447674553744
CNP,3982,t,,,3.4515471693004853,0.0008496905050751266,0.009443713476352929,11007.715970123401,-22011.431940246803,-21998.852861277555,6.28044139400992e-23,5.581695106116058e-10,11695.543692570536,-23385.087385141072,-23366.2187666872,0.5154205369651588,0.4412364367619498
PM,3982,t,,,3.5644170809768605,0.0007951808847872471,0.00895948445231698,11423.051035284894,-22842.10207056979,-22829.52299160054,5.134811955043084e-20,1.203555033413295e-10,11945.293652796681,-23884.587305593363,-23865.71868713949,0.7166341085185579,0.7129209343098883
L,3982,t,,,2.970066582114348,0.0005941349867137034,0.008668451354579113,11135.924843514544,-22267.849687029087,-22255.27060805984,1.590914995470739e-27,2.6484969772866407e-10,11829.956198306721,-23653.912396613443,-23635.043778159572,0.8207643702716465,0.7275264559169914
BALL,3982,t,,,3.456682378202026,0.0005563670965459609,0.010492207683931106,10804.224498401622,-21604.448996803243,-21591.869917833996,1.2330531588777836e-17,6.067946145549286e-11,11278.192171740837,-22550.384343481674,-22531.515725027803,0.9246372287442167,0.8054070954548631
HOLX,3982,t,,,3.2067453921781635,0.0006197325900043711,0.011152036807651727,10428.021500639734,-20852.043001279468,-20839.46392231022,7.50192348977226e-19,8.517956340270416e-10,10936.357384102914,-21866.714768205828,-21847.846149751957,0.9806754768053744,0.9443676947170059
MMC,3982,t,,,3.33358542753587,0.0009351133656318681,0.008101098653164983,11795.048839100527,-23586.097678201055,-23573.518599231807,2.299450093566546e-19,2.174282975886399e-10,12261.227648559872,-24516.455297119745,-24497.586678665873,0.3554729454868557,0.43773627151753436
MAA,3982,t,,,3.6036784535039232,0.0008263136922975819,0.009791307725293873,11173.147025602595,-22342.29405120519,-22329.714972235943,1.9576732217483934e-18,2.1062152022466307e-11,11605.166260911568,-23204.332521823137,-23185.463903369266,0.38126294232366365,0.2868064422283042
IT,3982,t,,,3.0696471580385714,0.0011381507966105955,0.010798066799416611,10260.884669892448,-20517.769339784896,-20505.19026081565,1.627976965670672e-26,4.159370625700376e-10,11003.40156688308,-22000.80313376616,-21981.93451531229,0.5636663194429596,0.49502082985129414
LDOS,3982,t,,,2.9395657221837874,0.0010052404875261016,0.009894870629677414,10536.885269115915,-21069.77053823183,-21057.191459262584,2.4588970355327003e-29,1.0255378768420087e-09,11287.6102109325,-22569.220421865,-22550.35180341113,0.7318050629881836,0.6095957360477366
WRB,3982,t,,,3.3677256913629634,0.0009070585638676215,0.00883790590939322,11384.870971838547,-22765.741943677094,-22753.162864707847,3.0069171334600396e-19,6.772414851141662e-10,11927.932860309196,-23849.865720618393,-23830.99710216452,0.6352793022615337,0.7276156398615972
GE,3982,t,,,2.7703085577287294,0.0004711839643224562,0.01184840676934144,9969.908274527665,-19935.81654905533,-19923.237470086082,3.112428190161357e-25,5.742469832981101e-10,10478.114281508919,-20950.228563017838,-20931.359944563967,0.8242702181656484,0.7196350369004031
BG,3982,t,,,3.2311330026872636,0.0004981654399538098,0.011594118982604996,10241.288396717922,-20478.576793435845,-20465.997714466597,2.0642364248297e-21,1.8094770126708681e-09,10791.889250907625,-21577.77850181525,-21558.90988336138,0.9041052057156198,0.9599567787730084
HSY,3982,t,,,3.6027132601096654,0.0005746824966123007,0.008553125007472698,11584.281483304956,-23164.562966609912,-23151.983887640665,1.543355658692532e-19,2.1563750784991953e-10,12143.16815113355,-24280.3363022671,-24261.46768381323,0.8853484503629417,0.8598643325939632
WELL,3982,t,,,3.0336201956667077,0.0012066252389104602,0.010309438541846171,10337.57700578203,-20671.15401156406,-20658.574932594813,3.1287243745779497e-29,4.202337144931789e-09,11170.76553401053,-22335.53106802106,-22316.66244956719,0.15795351011581826,0.18273933475483684
EXR,3982,t,,,3.6545487342394223,0.0010976337190098375,0.011288122709589357,10695.421843598304,-21386.843687196608,-21374.26460822736,6.100257654236356e-16,4.305533707338327e-11,11055.54872315716,-22105.09744631432,-22086.22882786045,0.8606458174468101,0.9180085714192744
SRE,3982,t,,,3.6878502641835524,0.0007787546734015149,0.009087417518202556,11296.064892960774,-22588.12978592155,-22575.5507069523,1.231318565094692e-19,1.535096050275797e-09,11929.890031927778,-23853.780063855556,-23834.911445401685,0.7958841963612493,0.6793918770375255
STE,3982,t,,,3.5767438324155156,0.0008025421444926871,0.010511075236162766,10925.044563690259,-21846.089127380517,-21833.51004841127,1.4228416488123356e-15,1.34264266371531e-10,11313.547643971882,-22621.095287943765,-22602.226669489894,0.9207570506548137,0.8909770457171163
AMT,3982,t,,,3.77541166266518,0.0006821198060795021,0.010644371719095842,10989.11766033419,-21974.23532066838,-21961.656241699133,7.209869634160748e-13,8.337663892632463e-12,11327.589175997846,-22649.17835199569,-22630.30973354182,0.9215255665520135,0.7547447676012613
NRG,3982,t,,,3.406849453213217,0.0008380406633629015,0.014956397626808253,9341.98456475386,-18679.96912950772,-18667.390050538474,2.652854503210178e-18,1.8203705209884902e-10,9847.9984320191,-19689.9968640382,-19671.12824558433,0.8522076117907805,0.9520018114294347
CINF,3982,t,,,2.9840227659629956,0.0009039657052364893,0.00959105822809082,10772.82382054681,-21541.64764109362,-21529.068562124372,7.516782015276801e-27,3.106837564992304e-09,11434.175351606169,-22862.350703212338,-22843.482084758467,0.3505938493408701,0.3939968321567716
NDAQ,3982,t,,,3.3988835862219773,0.0010339050286303584,0.01040217911741469,10857.93808946621,-21711.87617893242,-21699.297099963173,5.078015000848332e-19,5.516453960296985e-11,11290.950749841191,-22575.901499682383,-22557.03288122851,0.30016379318750974,0.5480679458324214
T,3982,t,,,3.3537904279947925,0.0006581425822183633,0.008433028152289164,11620.544248242477,-23237.088496484954,-23224.509417515706,7.580895790397582e-18,1.4382361968046098e-10,12109.249583141904,-24212.499166283807,-24193.630547829936,0.5106307993159314,0.4692191718061598
LRCX,3982,t,,,3.593905967489562,0.001184941420728931,0.01701114266929208,9095.29493952874,-18186.58987905748,-18174.010800088232,6.712258753294971e-16,2.9438340654053263e-11,9402.289386006398,-18798.578772012796,-18779.710153558925,0.6226697074684024,0.605745941075952
XEL,3982,t,,,4.050665427267473,0.0008139248416915001,0.008601879255265177,11853.12851854222,-23702.25703708444,-23689.677958115193,2.848010814520207e-14,1.009137218233036e-11,12254.333846656937,-24502.667693313873,-24483.799074860002,0.5072434223974989,0.495435714860194
EA,3982,t,,,3.348236638004911,0.0007361448284949734,0.012936931146274904,9935.840152599892,-19867.680305199785,-19855.101226230538,5.005581115138478e-17,1.1316658721227668e-10,10403.06134284311,-20800.12268568622,-20781.25406723235,0.9033476660970094,0.8578365011786371
CME,3982,t,,,3.4098213993246222,0.0007139737033517559,0.010011504791634498,10949.173858366014,-21894.347716732027,-21881.76863776278,6.36533832431811e-19,2.6571023159505103e-10,11447.540598387324,-22889.08119677465,-22870.212578320778,0.7856978493885795,0.8079164850118221
QCOM,3982,t,,,2.796560821244046,0.0007046763385956621,0.0125703451519888,9682.071333458232,-19360.142666916465,-19347.563587947217,1.5944509071571586e-28,1.952996986354094e-09,10257.625780092158,-20509.251560184315,-20490.382941730444,0.6891135517328781,0.6602297888348279
SNA,3982,t,,,3.167678156554583,0.0007668614379119943,0.010419850809889997,10727.927860353459,-21451.855720706917,-21439.27664173767,3.6890915934439415e-20,2.6562929633655585e-10,11189.818391834471,-22373.636783668942,-22354.76816521507,0.9951208048547132,0.991465182716341
CCL,3982,t,,,2.1882400785136005,0.0005567137219617882,0.014566378483731863,8231.443262209785,-16458.88652441957,-16446.307445450322,2.0222520010843786e-48,1.5568488720418827e-09,9227.460736438974,-18448.921472877948,-18430.052854424077,0.7271018046661321,0.7037028207592151
MDLZ,3982,t,,,3.4450835071424386,0.0004803829066226079,0.00841182120679939,11743.844562203169,-23483.689124406337,-23471.11004543709,9.405557196711992e-17,7.220162245857864e-10,12153.93263840487,-24301.86527680974,-24282.99665835587,0.8511539993948128,0.9274448793270327
ROP,3982,t,,,3.3720886262403384,0.0008884112037965655,0.009352752544171589,11280.032324632808,-22556.064649265616,-22543.48557029637,3.0010640043477587e-16,2.771705087667442e-11,11704.154652226689,-23402.309304453378,-23383.440685999507,0.8889204083455549,0.7282488840703512
SHW,3982,t,,,3.607631081570097,0.0008159014281490676,0.010482282206708677,10904.292583061299,-21804.585166122597,-21792.00608715335,2.7179684042386508e-15,5.069127340107116e-10,11334.942153838268,-22663.884307676537,-22645.015689222666,0.9583369733008144,0.9757796654586771
RL,3982,t,,,3.2221035256973054,0.0006846361885471531,0.014234946582023808,9436.5573878375,-18869.114775675,-18856.535696705752,1.4135917728599565e-21,1.4402988801620609e-09,9970.941748521444,-19935.883497042887,-19917.014878589016,0.9917306620287912,0.9922979595456609
VLO,3982,t,,,3.8199482509824882,0.0011429273847677777,0.016846232591906853,9138.293872359574,-18272.58774471915,-18260.0086657499,4.692734718465509e-15,2.5763613464846458e-11,9512.966529095334,-19019.93305819067,-19001.064439736798,0.7907423411359484,0.8426513986415307
NI,3982,t,,,3.8174652244780503,0.0010753610002760573,0.009360926077453431,11392.695878471524,-22781.39175694305,-22768.8126779738,1.85650450762926e-17,6.560512133546581e-10,11851.963247215564,-23697.92649443113,-23679.057875977258,0.46920704427744864,0.36596953035037105
CAT,3982,t,,,3.6173610275656625,0.0008728003530761503,0.01281654730415704,10253.001669635789,-20502.003339271578,-20489.42426030233,4.888094092300383e-15,6.31272811801864e-12,10537.614847139223,-21069.229694278445,-21050.361075824574,0.7056586716439476,0.7745959984082099
AMAT,3982,t,,,3.682938896043737,0.001011044734904249,0.016367870987812394,9288.95376990457,-18573.90753980914,-18561.328460839894,1.0553929669276456e-14,9.814593582291309e-12,9585.184566258109,-19164.369132516218,-19145.500514062347,0.3055614675518341,0.49430902055173886
SMCI,3982,t,,,2.3697342088463254,0.0007451322584750703,0.019307915954938214,7266.724661069926,-14529.449322139852,-14516.870243170602,2.3689500977114927e-41,5.9204028346471205e-09,8261.994653418737,-16517.989306837473,-16499.120688383602,0.30987929450212426,0.6444211402903202
TJX,3982,t,,,3.5606075407989906,0.0007225093210559165,0.010269733354565585,10940.51770972835,-21877.0354194567,-21864.456340487453,1.2644912992581993e-15,1.505771507481768e-09,11400.51005816309,-22795.02011632618,-22776.15149787231,0.8638291561408623,0.9825696306179899
LOW,3982,t,,,3.709598841762146,0.0009157315062863062,0.01161144171211229,10492.100324160698,-20980.200648321395,-20967.621569352148,3.171385214763624e-17,1.0330647448597574e-09,10960.850983332428,-21915.701966664856,-21896.833348210985,0.9594747712499064,0.9735530564429218
CBRE,3982,t,,,3.0881828638533237,0.0008268572183785185,0.013619081546664372,9653.299861733618,-19302.599723467236,-19290.02064449799,8.770785715696352e-19,3.341534826617476e-10,10087.81212421909,-20169.62424843818,-20150.75562998431,0.945915159088519,0.9295639607817637
V,3982,t,,,3.3515307023177012,0.0011122377727388719,0.010175951948162454,10899.42343161716,-21794.84686323432,-21782.267784265074,3.617923710172613e-17,1.128022120155947e-10,11360.24647130075,-22714.4929426015,-22695.62432414763,0.4875809532244003,0.4082008976401865
PFG,3982,t,,,3.1079445832931025,0.0011254877334171557,0.012634978001559567,9913.835212237766,-19823.67042447553,-19811.091345506284,2.782049831440383e-22,2.0720869464696534e-09,10395.54088832004,-20785.08177664008,-20766.21315818621,0.36674509335018424,0.4163603320819418
MSCI,3982,t,,,3.393171385639585,0.0011746862531299544,0.012254291843327266,10093.267119240796,-20182.534238481592,-20169.955159512345,3.7191486001260944e-20,9.476810447495154e-10,10636.286099807985,-21266.57219961597,-21247.7035811621,0.5304860090244714,0.6122515832992588
AFL,3982,t,,,2.687200004491249,0.0010004422514246637,0.009172021367667989,10672.575312431409,-21341.150624862817,-21328.57154589357,1.3365427892735167e-31,4.523516006216255e-10,11448.117784242613,-22890.235568485226,-22871.366950031355,0.5414043996866753,0.3530954254636326
O,3982,t,,,3.560577290571417,0.0009022952667396043,0.009591316693625122,10961.736594066093,-21919.473188132186,-21906.89410916294,7.856583993349005e-23,7.611322683231947e-10,11672.648825705859,-23339.297651411718,-23320.429032957847,0.4655089617687216,0.29183952004599356
MSFT,3982,t,,,3.4498541841786374,0.0008832766886193572,0.01073769397602431,10795.11213006358,-21586.22426012716,-21573.645181157914,1.4431037589023375e-16,7.296082626950806e-10,11183.590781237486,-22361.181562474972,-22342.3129440211,0.38778547884257086,0.5508169438167069
AIG,3982,t,,,2.5867227831279633,0.0006882264064679331,0.011816064591513423,9680.424492935863,-19356.848985871726,-19344.26990690248,9.012526820748922e-33,3.2163115504246775e-09,10375.200317776797,-20744.400635553593,-20725.532017099722,0.9323923855027334,0.8467497612729011
GILD,3982,t,,,3.676589999054855,0.0005501546707990805,0.011751613823851988,10499.005374451848,-20994.010748903696,-20981.43166993445,2.5184661228268716e-15,8.963096931324799e-11,10902.490528008811,-21798.981056017623,-21780.112437563752,0.9855135670252684,0.9623541132449108
RTX,3982,t,,,2.654161550040876,0.0006073452000181823,0.008829575382390629,10868.988172349898,-21733.976344699797,-21721.39726573055,1.968019183022869e-32,2.6660467167261004e-09,11579.051878172659,-23152.103756345317,-23133.235137891446,0.9221816001833577,0.8753452383227501
OXY,3982,t,,,2.475786271650575,4.381771081792635e-05,0.013528568336398338,8674.665382286925,-17345.33076457385,-17332.751685604602,1.0533268747211151e-44,1.1686865919458e-09,9759.181330139647,-19512.362660279294,-19493.494041825423,0.84717359250284,0.8287344248531021
OKE,3982,t,,,2.5326096843600805,0.0012034154963151255,0.011870653253482499,9223.86101704197,-18443.72203408394,-18431.142955114694,7.033084240862748e-46,1.1387237819349139e-09,10320.086857461907,-20634.173714923814,-20615.305096469943,0.6837628855806279,0.5590264237412208
MNST,3982,t,,,2.930269297719109,0.000626060119081536,0.011193157869370304,10115.22425010049,-20226.44850020098,-20213.86942123173,2.3182603961757766e-25,1.85206294744944e-10,10791.901648113906,-21577.803296227812,-21558.93467777394,0.9413839284624611,0.9396315953077914
FTNT,3982,t,,,3.1012847285440532,0.0017363470530966916,0.01572331319061477,8849.005811164472,-17694.011622328944,-17681.432543359697,2.1227418634008106e-27,2.1285748719179765e-09,9521.74915748476,-19037.49831496952,-19018.62969651565,0.5051302626541916,0.5642451587328192
DVN,3982,t,,,3.215985208314602,0.00013490707748522454,0.018053323807529477,8503.679587900102,-17003.359175800204,-16990.780096830957,3.3023900055961016e-20,1.2843108798676894e-09,9022.11779967652,-18038.23559935304,-18019.36698089917,0.892881459152156,0.9208990674948392
MLM,3982,t,,,3.6786472170373417,0.0006072197452815587,0.013185672743993158,10121.153322757515,-20238.30664551503,-20225.727566545782,1.1440026863181373e-12,1.3609224858157631e-11,10444.669971717542,-20883.339943435083,-20864.471324981212,0.9740549583849758,0.8930545374170917
LNT,3982,t,,,3.886205572371132,0.0009417333419588253,0.00878775409304701,11786.819578673887,-23569.639157347774,-23557.060078378527,2.0718888054195442e-14,4.90929519258998e-12,12123.761829012705,-24241.52365802541,-24222.65503957154,0.512639409606098,0.47972766641443054
CSGP,3982,t,,,3.450134920497754,0.0007172202519817024,0.012917965494283782,10044.130093368294,-20084.26018673659,-20071.68110776734,2.8011139785093554e-15,5.700696581456555e-10,10447.577781181479,-20889.155562362957,-20870.286943909086,0.9434347392479996,0.9967164983868049
IBKR,3982,t,,,3.742248422766194,0.0010021954209206503,0.01320974364210319,10136.999467176296,-20269.998934352592,-20257.419855383345,2.391399105462668e-14,5.172418049426142e-12,10457.57320537001,-20909.14641074002,-20890.27779228615,0.8429894410274257,0.9198183500058488
STZ,3982,t,,,3.1751059207400143,0.0005851190955515405,0.010317615519113595,10380.736035767508,-20757.472071535016,-20744.89299256577,1.39880632560805e-28,1.9986541310856865e-09,11232.330317559554,-22458.660635119108,-22439.792016665237,0.9995090961744315,0.9956318529056812
MCD,3982,t,,,3.3835603056141372,0.0006297196738893875,0.007304312214560119,12064.418063562955,-24124.83612712591,-24112.25704815666,6.21514096826e-21,1.2800671633783622e-10,12692.928859504878,-25379.857719009757,-25360.989100555886,0.6419167322358712,0.7399640201534382
JKHY,3982,t,,,3.3891556208626303,0.0009283131653657494,0.009032684046922068,11390.973829841452,-22777.947659682904,-22765.368580713657,3.273445953635609e-17,8.898337622298413e-11,11849.343729897335,-23692.68745979467,-23673.8188413408,0.7401883379985941,0.5585167992505548
GOOGL,3982,t,,,3.274982506058386,0.0010589655492811352,0.01130044083801125,10491.317337513668,-20978.634675027337,-20966.05559605809,8.910406957367849e-18,6.266442920122017e-11,10912.2626227295,-21818.525245459,-21799.65662700513,0.6992942371899513,0.560385970655749
ALB,3982,t,,,2.9039205565163417,0.0010288300135204444,0.016480440632939963,8828.817527606512,-17653.635055213024,-17641.055976243777,1.0061927140441592e-24,2.1404914507527906e-09,9237.704102289928,-18469.408204579857,-18450.539586125986,0.2632070146938279,0.22962862168216258
IP,3982,t,,,3.5931923049675754,0.0005371109453338073,0.013200576095000745,10034.17477239883,-20064.34954479766,-20051.770465828413,8.359369772880067e-17,8.483880264975596e-11,10411.930765958088,-20817.861531916176,-20798.992913462305,0.8770878328613738,0.9092421603589824
ACN,3982,t,,,2.97441414702658,0.0009662849877754337,0.009600189358362553,10955.559496296875,-21907.11899259375,-21894.539913624503,1.616541960240144e-22,2.308730095990086e-09,11425.594683576048,-22845.189367152096,-22826.320748698225,0.6583019757625442,0.6385314416723182
NDSN,3982,t,,,3.085791409567361,0.0007133992636954406,0.01127220684076053,10225.012604753076,-20446.02520950615,-20433.446130536904,3.952726751810697e-26,5.029664462696815e-10,10839.82084193396,-21673.64168386792,-21654.77306541405,0.9445511731052089,0.8507764290090563
PNR,3982,t,,,4.116210327711874,0.0007486325467909011,0.012744336958149013,10354.915009512755,-20705.83001902551,-20693.250940056263,4.493999472547068e-13,3.283562310940624e-10,10706.035577806564,-21406.07115561313,-21387.202537159257,0.8767015809280377,0.8951678299822053
FI,3982,t,,,3.0424762083573356,0.0010725065946282854,0.009440740283700934,10298.950232662464,-20593.90046532493,-20581.32138635568,6.680089744683601e-47,1.2932712678548342e-09,11525.502364401182,-23045.004728802363,-23026.136110348492,0.5622272228205321,0.5717618453159443
PEP,3982,t,,,3.4701739382135597,0.000485601936454732,0.007147116929672367,12268.253804817501,-24532.507609635002,-24519.928530665755,1.6266550331246197e-19,4.2610104333817844e-10,12811.877726675519,-25617.755453351037,-25598.886834897166,0.8989358515514839,0.9614894930385197
ISRG,3982,t,,,3.013355031491004,0.00096294667414266,0.012407224215041868,9889.746752326932,-19775.493504653863,-19762.914425684616,1.7862839317519008e-21,1.407841621059447e-10,10423.410211821618,-20840.820423643236,-20821.951805189365,0.6991423395964107,0.5460746028464005
SYY,3982,t,,,2.5298774441215346,0.0005473800229171036,0.008071508451148384,10748.72122534742,-21493.44245069484,-21480.863371725594,5.223238243096593e-47,1.2502713309103797e-09,11854.181989935927,-23702.363979871854,-23683.495361417983,0.7784870923677405,0.6930659894338662
BMY,3982,t,,,3.54025326121163,0.0004888032052714746,0.00986623208125686,11088.670088573568,-22173.340177147136,-22160.76109817789,2.660554995481275e-17,2.0547896717459935e-11,11553.063311574639,-23100.126623149277,-23081.258004695406,0.8271623205805537,0.9168715720043669
TSCO,3982,t,,,3.996080126888108,0.0010622157185847946,0.012806237625170323,10304.662435292397,-20605.324870584795,-20592.745791615547,3.465737463348571e-13,4.743139214724579e-10,10655.011639156954,-21304.023278313907,-21285.154659860036,0.753186103500647,0.8770410763097818
PSKY,3982,t,,,2.980507351141302,0.000280236894541792,0.0156568952859463,8720.632055870241,-17437.264111740482,-17424.685032771235,3.35015052952863e-28,8.462107681239672e-10,9480.940904616964,-18955.881809233928,-18937.013190780057,0.8627578464579132,0.9216644601733772
ETR,3982,t,,,3.765083512046325,0.0007215697789014664,0.00921138826089377,11397.117345112893,-22790.234690225785,-22777.655611256538,5.81369679646684e-19,2.2906343488671155e-11,11900.199803322896,-23794.39960664579,-23775.53098819192,0.640749435522164,0.5508414040929882
K,3982,t,,,2.8440934705315914,0.00043071275033881753,0.007086348777968309,11894.430136770103,-23784.860273540206,-23772.281194570958,8.54124103882746e-28,4.229977479397462e-10,12566.463366617541,-25126.926733235083,-25108.05811478121,0.4120281672342795,0.42615355302299474
XOM,3982,t,,,3.2486784928330126,0.00035428505873455474,0.010264998317486222,10889.088416149976,-21774.176832299952,-21761.597753330705,6.176552929791843e-19,3.9672265472745494e-11,11284.073948902387,-22562.147897804774,-22543.279279350903,0.958655063570246,0.9427019846443356
WMB,3982,t,,,2.7941129363501327,0.000807872371677785,0.012386246367555167,9266.90445813405,-18529.8089162681,-18517.22983729885,1.8324388555178722e-38,1.5799241914749018e-09,10314.95153406413,-20623.90306812826,-20605.03444967439,0.6584146772416201,0.6975249706139911
LUV,3982,t,,,3.469108349701359,0.0006423465961351506,0.014324449723405077,9670.956078031908,-19337.912156063816,-19325.33307709457,1.3350333554715483e-18,4.048784640886538e-10,10042.993582174482,-20079.987164348964,-20061.118545895093,0.7522997683039953,0.8359280127986088
FFIV,3982,t,,,2.9914255490928197,0.0009389984502944312,0.013106370709075717,9648.37940647464,-19292.75881294928,-19280.179733980032,5.368756040210991e-23,2.7633395571768915e-10,10194.396423218204,-20382.79284643641,-20363.924227982538,0.5444811767428896,0.5522710284666048
AKAM,3982,t,,,2.8289516307647236,0.0008540302588131916,0.012156076533677618,9477.923057777713,-18951.846115555425,-18939.267036586178,3.8750444783190887e-38,2.663879339337427e-09,10409.209041217133,-20812.418082434266,-20793.549463980395,0.526196903554884,0.6321502512656355
GEN,3982,t,,,3.0092463353554235,0.0006385516501604264,0.011466063399699737,9968.876915975958,-19933.753831951915,-19921.174752982668,1.2247899619530063e-28,9.369314213358848e-10,10735.555701695266,-21465.111403390532,-21446.24278493666,0.9617783320233028,0.9767926219883764
TROW,3982,t,,,3.3319005421160957,0.0006549454199938748,0.011889874401207024,10333.721970399405,-20663.44394079881,-20650.864861829563,1.4625245272498937e-17,3.21628279564834e-11,10732.710172855055,-21459.42034571011,-21440.55172725624,0.4790488186515035,0.44265312512299526
HST,3982,t,,,3.492574357036186,0.0003865249963880688,0.013739709563705162,9805.560983088886,-19607.121966177772,-19594.542887208525,5.586592062429996e-17,8.282694530237222e-10,10217.480787091416,-20428.96157418283,-20410.09295572896,0.4440331162805643,0.8709239554739746
GL,3982,t,,,2.77898441049949,0.0010557870115459967,0.009195284996432745,9943.635570208105,-19883.27114041621,-19870.692061446964,7.459558120364458e-62,2.8647468841569435e-09,11492.60616826938,-22979.21233653876,-22960.34371808489,0.7100239810820155,0.546504222607604
PNW,3982,t,,,4.150673437319616,0.0007148363128836662,0.009155601272178154,11606.270322891636,-23208.540645783272,-23195.961566814025,2.0441423745677497e-14,1.804312255160312e-11,12031.722552599604,-24057.445105199207,-24038.576486745336,0.8755418161153018,0.7731991975729514
TGT,3982,t,,,3.079238543460218,0.0004954051492712719,0.010677554421973899,10285.942478874917,-20567.884957749833,-20555.305878780586,1.5090672661222172e-30,6.679589104052752e-10,11052.622678936797,-22099.245357873595,-22080.376739419724,0.9487242529245867,0.9877762199097573
JPM,3982,t,,,3.151934119185692,0.0008354315575101478,0.01104576577059747,10483.59646070889,-20963.19292141778,-20950.613842448533,1.448493242790342e-21,6.237546035237074e-10,10950.591247871282,-21895.182495742563,-21876.313877288692,0.8066582013239871,0.7082233847150318
CPRT,3982,t,,,3.3809977534978763,0.0009878995595776,0.010327946587341163,10817.430560021738,-21630.861120043475,-21618.282041074228,1.07522701194067e-17,1.8998480566523313e-10,11312.642300622658,-22619.284601245316,-22600.415982791445,0.5548843828680323,0.552986012692237
ORCL,3982,t,,,2.851057977270557,0.000943105057572852,0.010472498354006668,10226.629706066145,-20449.25941213229,-20436.680333163044,8.71699239536598e-32,3.3466210913601913e-09,11014.943554493637,-22023.887108987274,-22005.018490533403,0.8975091317629815,0.9011441705919506
AEP,3982,t,,,4.023060423171275,0.0008101584597492945,0.008650982118168084,11875.53330104243,-23747.06660208486,-23734.48752311561,3.2493189155931146e-14,8.145696339667552e-10,12224.30190955686,-24442.60381911372,-24423.73520065985,0.25209310108491656,0.4526223839849325
BKNG,3982,t,,,3.101449829706418,0.0009529671773073722,0.012872160912938354,9813.414605045142,-19622.829210090284,-19610.250131121036,6.140248829043118e-22,1.7111991823526296e-09,10318.518863114248,-20631.037726228496,-20612.169107774625,0.8739082612878223,0.8866443604991981
HD,3982,t,,,3.612160288019645,0.0010014784005274652,0.009819002072669825,11160.794707443998,-22317.589414887996,-22305.01033591875,1.2805319049308616e-18,1.1525850274196614e-09,11596.752088655814,-23187.504177311628,-23168.635558857757,0.8129835844892219,0.7859205191920553
VRTX,3982,t,,,3.457738172803057,0.0004788442313929316,0.015233906579242392,8942.614394684246,-17881.22878936849,-17868.649710399244,5.6443564408168204e-27,6.221463344502354e-10,9793.737985214379,-19581.475970428757,-19562.607351974886,0.8779185083191643,0.9784174761857679
MCK,3982,t,,,3.228623785935233,0.0009308646085424134,0.010465556718264081,10669.926876503243,-21335.853753006486,-21323.27467403724,8.0154756814808e-20,1.3833062473267432e-09,11198.623606845385,-22391.24721369077,-22372.3785952369,0.9355281963504711,0.8666051583079877
CL,3982,t,,,3.74518155949114,0.0004287050799774535,0.007801140182610467,12168.3914857294,-24332.7829714588,-24320.203892489553,4.009919415808949e-16,5.212286158240431e-11,12555.75840326075,-25105.5168065215,-25086.64818806763,0.8621799329489499,0.7723785271811661
LII,3982,t,,,3.693503782002308,0.0010646069727719759,0.012474366987118932,10374.84490697327,-20745.68981394654,-20733.110734977294,8.528761546010565e-13,7.303269100589205e-12,10670.2826351304,-21334.5652702608,-21315.696651806928,0.4158118018410172,0.32485983922942796
EVRG,3982,t,,,3.53710576637136,0.0008521613650171334,0.008210685528056708,11605.522865778574,-23207.045731557148,-23194.4666525879,1.0414742202772313e-23,1.9585411070721648e-10,12283.369693123896,-24560.73938624779,-24541.87076779392,0.39674194502477544,0.5347976730995035
DHR,3982,t,,,3.250967973109998,0.0006487862102863217,0.009870732587480023,10651.49890275121,-21298.99780550242,-21286.41872653317,1.1744484165504324e-27,7.375076105375911e-10,11441.01225453875,-22876.0245090775,-22857.155890623628,0.6995649342045703,0.72572457255048
JCI,3982,t,,,3.6384968606488393,0.0008931592314551256,0.011123441139302515,10764.534090894773,-21525.068181789546,-21512.4891028203,2.36526070583597e-16,3.725220132366758e-11,11108.810958250717,-22211.621916501434,-22192.753298047563,0.9149487572241949,0.9027250953221964
ERIE,3982,t,,,3.1398060383878024,0.0009046065674912913,0.009795094388784776,10778.070230462155,-21552.14046092431,-21539.561381955064,8.216019583869663e-25,7.792128053907277e-10,11423.683479044084,-22841.36695808817,-22822.498339634298,0.9095973046063976,0.9269399688139942
SO,3982,t,,,3.722819325959533,0.0006663199387566333,0.007835952693967616,11944.656756133836,-23885.313512267672,-23872.734433298425,1.8454634812788944e-20,2.5782187496048437e-10,12531.022939978675,-25056.04587995735,-25037.17726150348,0.8422960055120134,0.8530576603601585
SPG,3982,t,,,2.680329878995462,0.0009089531309695746,0.010651021006232681,9831.188032021571,-19658.376064043143,-19645.796985073895,9.337500069518526e-42,1.883306399719231e-09,10848.573603644385,-21691.14720728877,-21672.2785888349,0.35748886323627804,0.3740421288283121
MAR,3982,t,,,3.1011940932014204,0.0009420873177997428,0.012258063164986292,10070.301958417436,-20136.603916834873,-20124.024837865625,4.28178163264299e-22,6.040579147992275e-10,10513.022220112209,-21020.044440224417,-21001.175821770546,0.6157560043817387,0.5715582495765513
FIS,3982,t,,,3.0347374413083346,0.0007503266542829457,0.010166517254892881,10503.765667876763,-21003.531335753527,-20990.95225678428,1.1911080157366322e-24,4.5895132139150974e-10,11226.88153424107,-22447.76306848214,-22428.89445002827,0.5061106953804821,0.4086930355618188
TDG,3982,t,,,2.988695889422842,0.0014104495311730303,0.011131694078318748,10061.844768097451,-20119.689536194903,-20107.110457225655,4.432019507728832e-28,1.1881683414927124e-09,10843.30231158193,-21680.60462316386,-21661.73600470999,0.693110352182406,0.7799023239829697
MDT,3982,t,,,3.7135350723180034,0.0006682012535957891,0.009680385696047927,11318.013759354864,-22632.02751870973,-22619.44843974048,1.93976479292918e-16,8.829625919304362e-11,11686.35613485526,-23366.71226971052,-23347.843651256648,0.43380996282320594,0.4574597911378787
STLD,3982,t,,,4.7514249615315,0.0005902098924369735,0.01816716495218948,9217.588777294473,-18431.177554588947,-18418.5984756197,1.3201457903647777e-09,5.591385909831104e-09,9434.69828460063,-18863.39656920126,-18844.52795074739,0.6218950727137954,0.8465158707202655
CTSH,3982,t,,,3.143637331977991,0.000617164569144308,0.011261850981856947,10267.579674323799,-20531.159348647598,-20518.58026967835,1.4742005365578069e-24,2.838076440525583e-10,10869.759072314257,-21733.518144628513,-21714.649526174642,0.8869046073245277,0.8965101069454592
ARE,3982,t,,,3.188869248298814,0.0007382423702936285,0.010400180807248013,10686.971347386712,-21369.942694773425,-21357.363615804177,1.1771957700464339e-24,3.067356479924399e-09,11206.59173680661,-22407.18347361322,-22388.314855159348,0.21151875432605038,0.38427984788929737
EQR,3982,t,,,3.4877630637917405,0.0006303633327146344,0.010222329678954806,10977.688829874125,-21951.37765974825,-21938.798580779003,2.514895369897388e-15,1.154843221051749e-09,11393.252935205543,-22780.505870411085,-22761.637251957214,0.6494442720210187,0.5422045007435427
ADP,3982,t,,,3.1485731679203415,0.0010331399145058913,0.008492127563978925,11430.591220344291,-22857.182440688583,-22844.603361719335,2.3453613075573785e-24,1.6634305044505027e-10,11995.997349496818,-23985.994698993636,-23967.126080539765,0.6318067718105311,0.6794527429074195
ADSK,3982,t,,,3.4340446802376268,0.0011023352964533886,0.014953070454800908,9461.278905626372,-18918.557811252744,-18905.978732283496,1.6813166928943546e-18,1.1516182452098178e-09,9859.062606211874,-19712.125212423747,-19693.256593969876,0.5412071476401212,0.4600906804462237
MOS,3982,t,,,3.5469398295247476,0.0002400477107682816,0.017598689480985287,8876.44116800066,-17748.88233600132,-17736.303257032072,1.5489085782570371e-16,4.3467462962354375e-10,9250.950927951966,-18495.901855903932,-18477.03323745006,0.5854171042998437,0.5658742777886898
CPB,3982,t,,,3.4086277210420377,0.0004413265636827859,0.009108889138313557,11357.080256182542,-22710.160512365084,-22697.581433395837,1.4132291917872473e-20,6.031375399118133e-11,11823.298234649523,-23640.596469299046,-23621.727850845175,0.8432854067386246,0.8374786639878669
WBD,3982,t,,,3.320828443023715,0.0003276998088337376,0.01681417312296566,8885.388516176523,-17766.777032353046,-17754.1979533838,1.4524282258527175e-18,2.467983595266787e-10,9348.421620583533,-18690.843241167066,-18671.974622713195,0.5615397854847342,0.4821653404499202
GPC,3982,t,,,3.5158707546582364,0.0008690466774948067,0.0100237219786582,10864.095097474621,-21724.190194949242,-21711.611115979995,2.0282829008974868e-21,3.019336003440287e-09,11481.398660864332,-22956.797321728664,-22937.928703274792,0.7103620883958912,0.4803993180756502
TPR,3982,t,,,3.006808791812064,0.0007902329065096261,0.014956376721265163,8966.784600541643,-17929.569201083286,-17916.99012211404,1.4428170908538764e-28,2.4447532886995305e-10,9676.192896909248,-19346.385793818496,-19327.517175364625,0.9847700235023127,0.9974813454034639
DLTR,3982,t,,,3.0449598364606545,0.0006733355281851984,0.011641257397145159,9849.622299582732,-19695.244599165464,-19682.665520196217,1.4320602130768911e-31,2.6412122489105627e-09,10692.393086677399,-21378.786173354798,-21359.917554900927,0.7286003605755573,0.8021548145869398
CMS,3982,t,,,4.327666374627423,0.0009538839734084855,0.008900698983801582,11858.160920408392,-23712.321840816785,-23699.742761847538,8.233765621872989e-14,1.1321432680233556e-10,12186.840156198505,-24367.68031239701,-24348.81169394314,0.1358697152013083,0.23828716066541367
EBAY,3982,t,,,3.648606494503995,0.0007630874570038501,0.013011649839448029,10088.986928165818,-20173.973856331635,-20161.394777362388,3.001841946421793e-16,1.4436429829345343e-10,10487.80508829818,-20969.61017659636,-20950.74155814249,0.9733771042167427,0.9863568820277295
KIM,3982,t,,,3.2395230452354244,0.0007241988893824083,0.012154204714763105,10022.962079613058,-20041.924159226117,-20029.34508025687,8.527926539263992e-22,1.4037548901058017e-10,10607.565537534014,-21209.131075068028,-21190.262456614157,0.17214450493693734,0.31788345239917026
ADBE,3982,t,,,3.15227195330126,0.0011491036398552984,0.012644986121926457,9868.814695750325,-19733.62939150065,-19721.050312531403,3.0423851002274165e-25,9.22382170642777e-11,10412.30308876608,-20818.60617753216,-20799.73755907829,0.839699802784971,0.6057968305112743
PRU,3982,t,,,3.2846426737729533,0.0010027218233838804,0.012686438696561306,9942.077173072565,-19880.15434614513,-19867.575267175882,1.8806176155430242e-24,1.194978893614973e-09,10455.516769962951,-20905.033539925902,-20886.16492147203,0.3354181468427909,0.47888391399924823
ESS,3982,t,,,3.5720179496038886,0.0007584281888521079,0.010392909612960143,10944.680926743447,-21885.361853486895,-21872.782774517647,1.76449014958742e-15,9.43833566857677e-10,11356.939773952141,-22707.879547904282,-22689.01092945041,0.45412420340846205,0.2990656286853651
TXT,3982,t,,,2.9223484462215747,0.0004232746424642272,0.012900235845697307,9642.934849034771,-19281.869698069542,-19269.290619100295,1.21200394967181e-22,6.486265968774774e-10,10222.626666714066,-20439.253333428132,-20420.38471497426,0.7266850088661831,0.9152673055090588
NUE,3982,t,,,4.1497824786616775,0.0004750209450916982,0.014909406075490697,9819.578852512073,-19635.157705024147,-19622.5786260549,5.578891457349945e-12,2.8241409211204882e-11,10089.774141949514,-20173.54828389903,-20154.679665445157,0.9499398300759792,0.9552141989153435
UHS,3982,t,,,3.0831924223136693,0.0007867795079768674,0.012664646015358376,9801.61753827261,-19599.23507654522,-19586.655997575974,5.259878096191739e-23,2.586573177865148e-10,10374.806327832861,-20743.612655665722,-20724.74403721185,0.9921251657307749,0.981805799280856
WAT,3982,t,,,3.1409133557745204,0.0008309061477561777,0.011161009718227291,10429.5488626785,-20855.097725357,-20842.518646387754,1.3539183134522242e-21,8.756299019196945e-10,10904.335834038247,-21802.671668076495,-21783.803049622624,0.5232031759266793,0.6676873711755134
PHM,3982,t,,,3.6001489989662296,0.0007671739451101888,0.016844267013770384,9096.46300094552,-18188.92600189104,-18176.34692292179,4.9640182006010125e-14,6.667300045393176e-11,9443.662537779168,-18881.325075558336,-18862.456457104465,0.8430334240822416,0.9091887536046219
BR,3982,t,,,3.513084803008926,0.0009010700342899443,0.009438392313037822,11337.768225965716,-22671.53645193143,-22658.957372962184,6.461417342788997e-16,2.2868817950438824e-10,11720.010102614047,-23434.020205228095,-23415.151586774224,0.8963427550892648,0.8341266245549827
INTC,3982,t,,,2.9389438838646154,0.0005548726570219139,0.012951936732935184,9560.567111971737,-19117.134223943474,-19104.555144974227,2.880757523140092e-25,3.5574997392373575e-09,10215.201657857382,-20424.403315714764,-20405.534697260893,0.895645902235554,0.9234053319626288
COO,3982,t,,,3.3790996200936423,0.0005868214806665135,0.011026602483420208,10524.969420987662,-21045.938841975323,-21033.359763006076,3.588010730979271e-18,2.798604681331085e-10,11051.27237436399,-22096.54474872798,-22077.67613027411,0.9942656062940918,0.9970569428859536
VTR,3982,t,,,2.8158316471061853,0.0008957976219192045,0.010610146634918681,9869.888679321803,-19735.777358643605,-19723.198279674358,5.859298715685467e-41,2.6878382852757454e-09,10943.562460151348,-21881.124920302696,-21862.256301848825,0.7093303676469953,0.4240097729766461
ICE,3982,t,,,3.7735467487036356,0.000626968569808447,0.010317250803467272,11143.156101233677,-22282.312202467354,-22269.733123498107,2.6474906323647526e-13,3.9250824812597784e-12,11451.34618677566,-22896.69237355132,-22877.823755097448,0.7224665188029955,0.8048481461603649
ECL,3982,t,,,2.985476899346449,0.0008234851514484808,0.00880832423600536,11169.593416701591,-22335.186833403182,-22322.607754433935,2.873713370306116e-24,1.1718945813754544e-09,11773.902066803617,-23541.804133607235,-23522.935515153364,0.826250836351827,0.790197687808355
J,3982,t,,,3.718029301672969,0.0007059250979674665,0.012255888820737932,10459.306959616652,-20914.613919233303,-20902.034840264056,1.819210766965765e-13,8.013470997880745e-10,10748.431245115837,-21490.862490231673,-21471.993871777802,0.6057578635186363,0.6778989642983142
UPS,3982,t,,,2.932881187126436,0.0005252933249289748,0.008956744354937854,11032.028997800302,-22060.057995600604,-22047.478916631357,4.547894940466632e-25,3.3956141232138748e-09,11680.848077568793,-23355.696155137586,-23336.827536683715,0.924491888626937,0.8924582373669063
VTRS,3982,t,,,3.817050625889827,9.919443445709133e-05,0.014682277298206925,9534.01930807914,-19064.03861615828,-19051.459537189032,2.1500627945248548e-14,1.63467162028752e-09,10059.561947376455,-20113.12389475291,-20094.255276299038,0.2873023083910108,0.7829987053231342
TFC,3982,t,,,3.1408123794334335,0.0006768458105179793,0.01215792484561451,10025.64996875481,-20047.29993750962,-20034.72085854037,9.685180018994743e-23,6.916867079098665e-11,10563.617060990084,-21121.234121980167,-21102.365503526296,0.583211872546,0.901239777786961
USB,3982,t,,,2.856408179122244,0.0006205760783145823,0.01051343503850042,10452.957888239125,-20901.91577647825,-20889.336697509003,2.8191396387857e-24,8.479625890345233e-10,11002.361162689507,-21998.722325379014,-21979.853706925143,0.6073614779470173,0.5760304439324684
WFC,3982,t,,,3.0146772588796877,0.000510835439076505,0.011768825239825559,10155.754474101603,-20307.508948203205,-20294.929869233958,2.0073439372339106e-21,1.6990999718302646e-09,10634.427006580767,-21262.854013161534,-21243.985394707663,0.8481678244318724,0.9324647609652373
EMR,3982,t,,,3.2811253899321415,0.0006455441600194066,0.010824113137683307,10580.040282447651,-21156.080564895303,-21143.501485926055,3.2536427941245274e-20,6.560016974077598e-10,11086.268730098398,-22166.537460196796,-22147.668841742925,0.6435347387227667,0.7459476253776004
TAP,3982,t,,,3.301609787885856,0.0002556539344933771,0.010757250408533777,10678.388606885372,-21352.777213770743,-21340.198134801496,3.2542417703389494e-16,7.603373486375631e-11,11119.260470610747,-22232.520941221494,-22213.652322767623,0.7173147215851441,0.8391838445253366
ACGL,3982,t,,,2.8960726419234115,0.0009547760119969044,0.008868772415207143,11051.113354209156,-22098.22670841831,-22085.647629449064,5.48523190160848e-28,1.7506796012867198e-10,11700.991836634437,-23395.983673268875,-23377.115054815004,0.9008523707573519,0.7927649842251171
RSG,3982,t,,,3.285182724104719,0.0009795122635805147,0.007615011847293782,11961.499474671406,-23918.99894934281,-23906.419870373564,2.1063019129935415e-22,1.3805531162702778e-09,12488.213971890356,-24970.427943780713,-24951.55932532684,0.8399715763634334,0.7032557182581315
BBY,3982,t,,,3.3933291978723537,0.0008938267752330641,0.015539943393641021,9065.92380918254,-18127.84761836508,-18115.26853939583,4.404327615566479e-24,6.582545619693292e-11,9690.473902170312,-19374.947804340623,-19356.079185886752,0.3825101841034758,0.5212528519337313
NSC,3982,t,,,3.7257219223972586,0.0007465937518494176,0.01156641221870601,10581.966403126138,-21159.932806252276,-21147.35372728303,2.2378089891248658e-13,6.897771243075113e-11,10981.39574266913,-21956.79148533826,-21937.92286688439,0.8950367142016825,0.834371746820038
ES,3982,t,,,3.791328897274298,0.0008349265280993019,0.009173918930586118,11456.6938552794,-22909.3877105588,-22896.808631589553,6.916063294390084e-17,6.000221430824126e-10,11924.432219285485,-23842.86443857097,-23823.9958201171,0.14417402981459748,0.2065768941241779
CHTR,3981,t,,,3.253395396790362,0.0005266397027847015,0.01228932372042528,10061.112595271941,-20118.225190543882,-20105.646613897883,2.1384874678948516e-19,7.368963217402325e-10,10566.639414944875,-21127.27882988975,-21108.41096492075,0.472234811245657,0.591174879723593
GNRC,3955,t,,,2.8731902646544407,0.0007950675481736304,0.016459084266529256,8650.540790692385,-17297.08158138477,-17284.516109624365,3.81467775295762e-24,3.6355307653224145e-10,9163.978124353653,-18321.956248707305,-18303.108041066702,0.5091924835033372,0.44492034550203907
LYB,3903,t,,,3.318189327071828,0.000786000604281661,0.014477899138012958,9277.90890933507,-18551.81781867014,-18539.27881713578,8.455417222028729e-20,2.029787449231435e-10,9745.77348565747,-19485.54697131494,-19466.7384690134,0.9433947870585156,0.9283021479516739
CBOE,3870,t,,,4.021225994297298,0.000882205124995243,0.011001027727130437,10619.820885866946,-21235.64177173389,-21223.119752161845,1.6611439030472906e-11,1.897100254666384e-10,10949.938202571804,-21893.87640514361,-21875.09337578554,0.9639744127347002,0.904279846721292
TSLA,3860,t,,,3.2853702687210253,0.0013838833239451021,0.024044091963355482,7321.155654196858,-14638.311308393717,-14625.7944634688,2.1883067459444658e-14,4.555578136944405e-10,7667.581582587543,-15329.163165175087,-15310.38789778771,0.42034695392263277,0.5445234266240336
KKR,3849,t,,,3.634485696832697,0.0010971525307219947,0.015332278695509172,9184.187259508228,-18364.374519016455,-18351.86338170989,1.2340560204317918e-14,1.6161627591770866e-11,9501.312271059373,-18996.624542118745,-18977.857836158895,0.35810026908529624,0.5099341457436455
GM,3760,t,,,3.350003752010215,0.0003442394556465041,0.014444748489438036,9061.048260538533,-18118.096521077066,-18105.6321726043,2.1367916161532657e-16,3.679064830564016e-10,9409.229318789017,-18812.458637578035,-18793.76211486888,0.7881787601979074,0.612956288112906
TRGP,3748,t,,,2.702155498907048,0.0017221610452269514,0.01543956635635941,7682.927037110023,-15361.854074220046,-15349.39611893333,3.833098941284959e-48,1.413412276107806e-09,8832.119856934205,-17658.23971386841,-17639.552780938335,0.7203818705159628,0.5637555973740792
CPAY,3742,t,,,3.0469358376738835,0.0009496936754755394,0.012226156949460085,9430.717438191492,-18857.434876382984,-18844.980125369315,9.125006058578579e-17,3.4761993283893844e-10,9865.389052083265,-19724.77810416653,-19706.095977646026,0.25630150536400953,0.3006666500889946
KMI,3702,t,,,3.0843094496268986,0.00030715023571594466,0.011068502259344339,9567.34535106233,-19130.69070212466,-19118.25744513839,1.1460245806872935e-22,1.942748184546872e-10,10144.508392287133,-20283.016784574265,-20264.366899094864,0.6170231207017101,0.9076337073842341
HCA,3684,t,,,3.0780888908545068,0.001057193352649066,0.01265437062947546,9004.405836663338,-18004.811673326676,-17992.388164531927,3.421375790261192e-22,2.831128664837479e-10,9599.208389674566,-19192.416779349132,-19173.781516157007,0.9157657078058529,0.8905822546484685
HII,3676,t,,,3.2620066678231234,0.0009528438101941888,0.011171242770644584,9530.866501667415,-19057.73300333483,-19045.31384236788,6.849280482455414e-24,2.7981804651133757e-09,10111.071230205387,-20216.142460410774,-20197.51371896035,0.6155521523811418,0.807985853779681
APO,3670,t,,,3.6512195767363034,0.0013154453471231104,0.01556494924706946,8677.60851902834,-17351.21703805668,-17338.80114417458,6.29987577231163e-16,3.220390620839453e-11,9009.274098941454,-18012.54819788291,-17993.92435705976,0.7058117389804515,0.5013061306083446
MPC,3610,t,,,3.5488893382522386,0.0014148665997040825,0.0164612430517019,8201.609673927214,-16399.21934785443,-16386.836421751774,8.893367678104735e-15,5.958525894911304e-10,8628.562633774825,-17251.12526754965,-17232.55087839567,0.6735549465380911,0.5452625986216382
XYL,3533,t,,,3.5352859004630206,0.0007907748170656952,0.011060175002943816,9480.813084955167,-18957.626169910334,-18945.286364615615,2.0923996399412347e-14,4.784816987069007e-11,9845.219924075362,-19684.439848150723,-19665.930140208646,0.7143680338171352,0.8011358781018687
APTV,3508,t,,,3.1959276381346475,0.0009505583248032821,0.0144816129551987,8189.414144980561,-16374.828289961122,-16362.502687254138,5.274608951867816e-22,1.5192691549259507e-09,8713.968508712662,-17421.937017425324,-17403.448613364846,0.6774390796454177,0.5975677049910975
EPAM,3453,t,,,2.5992657043418523,0.0011349952587698764,0.014641984224094453,7381.967877262609,-14759.935754525219,-14747.64175713044,3.0041198684367507e-35,3.837652751137455e-09,8263.620357646458,-16521.240715292915,-16502.799719200746,0.8484262981072848,0.8145208622865937
PSX,3409,t,,,3.2479636831566143,0.0009833357379366255,0.01369371229175553,8305.926755229499,-16607.853510458997,-16595.58516191472,1.2448015664397437e-17,7.678906399632979e-10,8677.568101864133,-17349.136203728267,-17330.733680911853,0.6453571126339724,0.6723674545347926
META,3383,t,,,2.9921811893877086,0.0011363398830362107,0.014791631918897331,7663.727919734344,-15323.455839468688,-15311.202803131127,5.238507478398733e-24,4.123218433349507e-10,8251.995253412377,-16497.990506824754,-16479.610952318413,0.5788305899067776,0.5787453451597996
NOW,3354,t,,,3.3356093904177575,0.0016029173493232827,0.01715073949810081,7539.311213670044,-15074.622427340088,-15062.386609455321,5.745548506850959e-13,1.4536150061417175e-11,7812.5415446023635,-15619.083089204727,-15600.729362377577,0.26678148405627666,0.390336486537336
PANW,3340,t,,,3.341322177259637,0.001528002228355785,0.015851339792062304,7593.740979671157,-15183.481959342314,-15171.254507170373,4.873653481634558e-19,3.4817815297572e-11,8044.951618356611,-16083.903236713222,-16065.56205845531,0.7782191604621834,0.8567281774441015
FANG,3281,t,,,3.4956296704941314,0.001172381431836191,0.019471408407312714,6779.891775117995,-13555.78355023599,-13543.591743170067,2.069850227214163e-18,8.817502283875456e-11,7275.708722868714,-14545.417445737428,-14527.129735138546,0.5013788032503705,0.34954242040426653
WDAY,3281,t,,,3.5564994834614114,0.0010534414366248307,0.016340994776696365,7562.473495285985,-15120.94699057197,-15108.755183506048,1.7788831804761408e-13,7.93958787603799e-10,7868.426399406306,-15730.852798812612,-15712.565088213729,0.5083519130746506,0.4705662997737907
ABBV,3228,t,,,3.357493266157602,0.0012258305122027336,0.010798265284291547,8629.024982218922,-17254.049964437843,-17241.890728379065,3.0709204138891027e-16,4.037387091315736e-10,9019.446266965366,-18032.89253393073,-18014.653679842562,0.9071009232634824,0.8163756682756705
NCLH,3216,t,,,2.265855715064362,0.00037197019835222083,0.017055247036555046,6201.289457771956,-12398.578915543912,-12386.427128283314,4.556317762697909e-36,4.439458689553533e-09,7001.7682755962,-13997.5365511924,-13979.308870301502,0.9405170726694784,0.9178219252952884
ZTS,3207,t,,,3.6470358668231033,0.000743185520083224,0.01089091024559085,8702.522208562157,-17401.044417124314,-17388.89823472493,4.029427460496323e-12,3.4210223542885387e-10,9016.761144113349,-18027.522288226697,-18009.303014627618,0.93456443466668,0.9103718662973077
IQV,3140,t,,,3.4548720653351706,0.0006900232840674136,0.011989729970496384,8112.666116659247,-16221.332233318493,-16209.228277160688,4.983405129248463e-14,3.779832002948069e-11,8473.940303637777,-16941.880607275554,-16923.724673038847,0.9687697481895918,0.9852014480295863
NWS,3112,t,,,3.383986616980126,0.000418331170528543,0.011862866746324117,8074.034665168609,-16144.069330337217,-16131.98328856662,4.189960028668762e-12,1.3873902027228269e-11,8410.69950579325,-16815.3990115865,-16797.269948930607,0.133897465807314,0.8899188243310902
NWSA,3112,t,,,3.445586873701473,0.0003909664576613414,0.012054473970349986,8066.449838061709,-16128.899676123418,-16116.81363435282,3.6929053658128e-11,7.195992690611774e-10,8378.962850294389,-16751.925700588778,-16733.796637932883,0.8090286589841544,0.9749790026035153
CDW,3106,t,,,3.225989516170351,0.0012273151766696833,0.011462357006971357,8078.0615014186205,-16152.123002837241,-16140.040820829823,6.899187196106732e-17,4.095377370560982e-10,8451.578118777868,-16897.156237555737,-16879.03296454461,0.77742928638594,0.7700531888734432
ALLE,3006,t,,,3.641890828279517,0.0007626881262502526,0.011113607704309289,8105.0506084838335,-16206.101216967667,-16194.084485827041,2.6314804144881705e-12,6.083644699117485e-11,8389.519730842618,-16773.039461685235,-16755.014364974297,0.9457757859772536,0.9307812431864513
HLT,2989,t,,,3.7001835976245454,0.0007178400635379982,0.012357160632389463,7796.011152110517,-15588.022304221035,-15576.016915896467,7.316473080138642e-11,3.9732328538377715e-11,8039.218145246328,-16072.436290492657,-16054.428208005806,0.8611126736185374,0.9569626721063819
PAYC,2905,t,,,3.1050693953738135,0.0018671844472840382,0.017846190649599344,6131.787801207975,-12259.57560241595,-12247.627225077376,1.9435068914857527e-18,1.4561474248608874e-10,6579.7856543039325,-13153.571308607865,-13135.648742600008,0.34542401646661325,0.2746226310766535
ANET,2869,t,,,2.958542943189836,0.0019959170711659536,0.017124243950120528,6153.303371920576,-12302.606743841152,-12290.68330620919,2.249884936915625e-18,7.171852001164325e-11,6566.0059250377835,-13126.011850075567,-13108.126693627622,0.882075483119977,0.7535104006960064
SYF,2831,t,,,3.0454011089580493,0.000931466519411585,0.014384026150850021,6539.697730230269,-13075.395460460539,-13063.498689890315,3.639621851890551e-18,1.7381096562019138e-10,7002.949077675539,-13999.898155351078,-13982.052999495743,0.9527961096549009,0.9253954756489817
CFG,2793,t,,,3.282680704918673,0.0008434974069739126,0.014896514361236686,6509.354558428309,-13014.709116856618,-13002.839373724728,7.148067570857496e-15,1.2303813523573126e-10,6884.46733021096,-13762.93466042192,-13745.130045724085,0.8073594276966269,0.8935203372753203
KEYS,2775,t,,,3.47301800575802,0.0009787655961673977,0.012706921693120512,7013.598421402506,-14023.196842805011,-14011.34003075265,3.033343239726576e-11,3.8662872903216794e-10,7332.319940471783,-14658.639880943567,-14640.854662865026,0.8980800972854575,0.9115701816662491
GDDY,2664,t,,,2.937965980373588,0.0012589372829391596,0.013107393093697677,6331.706107330991,-12659.412214661981,-12647.63704659866,3.2723742017279747e-19,3.7187108947733805e-10,6801.9923623624945,-13597.984724724989,-13580.321972630009,0.638601157739627,0.6209352395554039
PYPL,2598,t,,,3.4361972662372633,0.0008709380208307565,0.016018978630369635,5980.572936635984,-11957.145873271968,-11945.420878877507,2.6841623659354505e-11,1.4703038786478828e-10,6254.031923748508,-12502.063847497016,-12484.476355905324,0.6063836824439779,0.5549310442488088
KHC,2598,t,,,3.11101799839094,0.00024998694486793606,0.009903618960853657,6861.250905275104,-13718.501810550208,-13706.776816155747,3.542436881263034e-22,2.4566558787242343e-09,7416.140765428845,-14826.28153085769,-14808.694039265998,0.8472849254707211,0.8013087039362015
HPE,2524,t,,,3.0866251946001357,0.0010664344349370603,0.014408198749001802,5950.613801319778,-11897.227602639556,-11885.560402192234,7.552967724888516e-13,1.249789161050785e-11,6251.556114680268,-12497.112229360537,-12479.611428689554,0.7469740261007504,0.7998950413572965
XYZ,2501,t,,,3.4589195287939782,0.0016893491232281076,0.024556969792385384,4739.604325328313,-9475.208650656627,-9463.55975879487,4.309658538081131e-10,2.5623503319138763e-11,4957.323396830378,-9908.646793660757,-9891.173455868124,0.5019203269848078,0.38848342513675727
FTV,2346,t,,,3.2374415789601603,0.0005490799157385541,0.010619677101880642,6279.065721949897,-12554.131443899794,-12542.610509841368,6.568680728030224e-13,3.864356612481856e-10,6565.574648868653,-13125.149297737305,-13107.867896649665,0.9556952301345596,0.9503328196753926
DELL,2315,t,,,2.702681745629299,0.0016145575812568115,0.01439290841585178,5196.023759228212,-10388.047518456424,-10376.553188523383,8.618197925893547e-20,2.1291957086333468e-10,5617.944330723649,-11229.888661447298,-11212.647166547737,0.9626633922093556,0.9320479057346128
TTD,2291,t,,,2.93589285240195,0.0016745547877465657,0.024657579446847093,3948.983000474978,-7893.966000949956,-7882.492513585049,1.091131858486617e-17,1.0474832112805643e-10,4401.247998080942,-8796.495996161884,-8779.285765114524,0.7673686254105647,0.8241752205669424
VST,2281,t,,,2.9272007723298423,0.0013031726615280086,0.015558507616036873,5042.104648592856,-10080.209297185713,-10068.744558741144,1.2281670750038116e-18,1.0039952202944846e-09,5429.855579138799,-10853.711158277598,-10836.514050610745,0.77244892727537,0.9041606231235808
HWM,2262,t,,,2.7419084705269428,0.0017873033589584056,0.014331365639132745,5112.1721979231115,-10220.344395846223,-10208.896386532871,1.678727152297e-18,6.384182071883515e-11,5512.390418275358,-11018.780836550715,-11001.608822580687,0.5569622012906014,0.6287087304480272
LW,2255,t,,,2.656938364044329,0.0009584887806814955,0.011507113377752655,5347.186946019341,-10690.373892038682,-10678.93208153481,1.2526735973968684e-27,2.960788725303587e-09,5960.955251277146,-11915.910502554292,-11898.747786798482,0.9974179654091592,0.9914508466251277
INVH,2200,t,,,3.41773222615101,0.0005435654254446641,0.010293801562401266,5918.076894278919,-11832.153788557838,-11820.761363279145,2.5052916812534944e-11,6.236566818529354e-12,6265.060157662598,-12524.120315325195,-12507.031677407156,0.5166933684092905,0.5919150557899269
IR,2130,t,,,3.846141945242695,0.0010258875342952357,0.015095971469296785,5137.836476689972,-10271.672953379944,-10260.345198862537,3.69904427904638e-08,4.284120480591014e-08,5326.3613616326675,-10646.722723265335,-10629.731091489224,0.976282930688432,0.9698982285010815
VICI,1969,t,,,2.8376066808185088,0.00071665379051757,0.010178687266510358,4958.002354817762,-9912.004709635525,-9900.834147478246,1.710207188115043e-21,1.1829570656374244e-10,5499.02721590094,-10992.05443180188,-10975.298588565964,0.7506945055582959,0.8134604169002753
DAY,1890,t,,,3.604173267244154,0.001204811358168444,0.019452416402441906,4060.353460682898,-8116.706921365796,-8105.618257149688,2.695740905125658e-08,2.0907998554697826e-08,4210.854246791419,-8415.708493582839,-8399.075497258678,0.27166954044376046,0.19461809361456184
MRNA,1734,t,,,4.0842816026099715,-0.0008094762977205773,0.03293481327158427,2915.4247667478403,-5826.849533495681,-5815.933161180999,7.604051509322146e-05,1.0253367410562042e-05,3012.1137088190562,-6018.2274176381125,-6001.852859166091,0.5884987071028839,0.4673085449931714
FOXA,1671,t,,,3.2686261442189926,0.0005411589940541508,0.013538037521329666,4131.100151303245,-8258.20030260649,-8247.357947549299,1.4753082205137754e-07,3.597793674092742e-08,4276.220857952531,-8546.441715905063,-8530.178183319276,0.9314867529138816,0.983389380790483
FOX,1670,t,,,3.334069187773717,0.0004574390346289423,0.013247595051439399,4173.977887743235,-8343.95577548647,-8333.11461767565,5.007687496272304e-07,5.794941793091368e-08,4320.9509497585095,-8635.901899517019,-8619.640162800786,0.9939759793042042,0.98303178140709
DOW,1665,t,,,3.3658565212464917,-4.347421594090698e-05,0.015177478508624349,3841.6452283234717,-7679.290456646943,-7668.4552958421145,1.4238358880602745e-09,1.7283841025061975e-10,4086.7745670602626,-8167.549134120525,-8151.296392913281,0.9944099984985563,0.9961046853905792
UBER,1629,t,,,3.755730824227342,6.973182358283037e-05,0.022137873057045378,3282.5363458746815,-6561.072691749363,-6550.281248532159,5.817726068116998e-06,4.3533519056282444e-07,3438.6985596328514,-6871.397119265703,-6855.209954439896,0.9918175860218735,0.9521702844780368
CTVA,1619,t,,,2.958017533553203,0.0008141684762546057,0.012897057154187912,3949.145738819548,-7894.291477639096,-7883.512349731741,9.28970474326269e-10,4.75388617360295e-11,4164.132794242734,-8322.265588485468,-8306.096896624436,0.9738165991237268,0.996077633897602
CRWD,1607,t,,,4.054951856279166,0.001775046566291955,0.025997832297073822,3082.9297969667296,-6161.859593933459,-6151.095345201984,0.0004834048846549542,5.006048635003424e-05,3168.4903608743484,-6330.980721748697,-6314.834348651484,0.7476076693650235,0.7843058029886518
DDOG,1538,t,,,3.731954543766977,0.0010496670191898593,0.025563365311188788,2915.5676638254017,-5827.135327650803,-5816.458851350672,1.0764809002223054e-06,3.058686318779813e-06,3022.4771371473253,-6038.9542742946505,-6022.9395598444535,0.7280553695583671,0.6846652658381387
OTIS,1413,t,,,3.417625603932932,0.0008691940168514005,0.010387893060975002,3822.3457361536402,-7640.6914723072805,-7630.184531541911,7.231398901861528e-07,2.6682017706392003e-08,4011.006556356647,-8016.013112713294,-8000.25270156524,0.8259204405393846,0.7413081268759502
CARR,1413,t,,,3.6043383699708462,0.001081489755288722,0.015495591468916131,3301.760180335947,-6599.520360671894,-6589.013419906525,1.8625688125989574e-06,2.787485293698211e-07,3469.4779863662716,-6932.955972732543,-6917.19556158449,0.9835214730182037,0.9972977198208401
PLTR,1278,t,,,3.4112156555304702,0.0009546815127376845,0.029575880274929092,2178.396443923123,-4352.792887846246,-4342.486784576371,2.7406518367387513e-06,2.027715388597251e-06,2289.8193904396385,-4573.638780879277,-4558.179625974464,0.9871717624870435,0.9643840128313123
DASH,1229,t,,,3.0799088479095658,0.0010642285285726698,0.02408297348980459,2332.4519890663796,-4660.903978132759,-4650.676065913627,2.3911703147777886e-06,1.2033564028568478e-06,2411.740250629816,-4817.480501259632,-4802.138632930933,0.5983722160781864,0.5804642016225705
ABNB,1228,t,,,3.720630766559836,-0.00027165350780837614,0.021214476125110883,2569.809914540982,-5135.619829081964,-5125.39354486455,0.0001779138232791813,7.130469278759932e-05,2641.1624207356576,-5276.324841471315,-5260.985415145194,0.9334154303711892,0.9594922492821144
EXE,1187,t,,,4.259901220537987,0.0012347189112179016,0.01658546940656601,2841.6731933204874,-5679.346386640975,-5669.188017851756,0.00013987904437267178,0.0006448783829917648,2889.26170089864,-5772.52340179728,-5757.285848613451,0.8776108117853817,0.795816589165719
COIN,1144,t,,,5.123408595953933,-0.001073354012184793,0.04266977639489594,1710.0393646745433,-3416.0787293490866,-3405.994157005207,0.016280361954036992,0.004811167593787191,1752.5563551156988,-3499.1127102313976,-3483.9858517155785,0.657990808036411,0.6795330254591818
APP,1143,t,,,3.594449311097821,0.0018327489103788016,0.03193343954885752,1862.221473008402,-3720.442946016804,-3710.360122689214,5.976277044566879e-05,8.944317060555207e-06,1979.0567861221916,-3952.1135722443832,-3936.9893372529987,0.6515572857460683,0.6972613487659686
HOOD,1070,t,,,3.856546521389559,0.001049974405429982,0.031068051234090805,1784.1395185669298,-3564.2790371338597,-3554.3282092789477,0.0006005679584631881,3.9961600352245163e-05,1904.229746179216,-3802.459492358432,-3787.533250576064,0.944082217746688,0.9154207492261295
CEG,950,t,,,2.958296867780875,0.002158112435359201,0.018486098719186522,1960.9986195403262,-3917.9972390806524,-3908.2843151114635,5.400275548575397e-06,1.9020362529431623e-07,2101.4477833233195,-4196.895566646639,-4182.326180692855,0.9458045009224413,0.9125261428432124
GEHC,721,t,,,3.2700232391607384,0.00027919160370750936,0.012594745914257344,1780.616812668774,-3557.233625337548,-3548.0723470629778,8.226623867515244e-06,9.56139791130628e-06,1897.271202669498,-3788.542405338996,-3774.800487927141,0.9407058318502803,0.8653891456424763
KVUE,626,t,,,3.296572977451841,-0.0005416722945344335,0.01148662145232916,1609.8957913919905,-3215.791582783981,-3206.912882041781,0.0004268877204587572,7.2529840700164e-05,1706.6386101613746,-3407.277220322749,-3393.9591692094486,0.7934430883479175,0.8704979155445434
VLTO,521,t,,,3.8903178722439042,0.0006395422258106869,0.010248753925915448,1477.9870207254316,-2951.9740414508633,-2943.4625413673566,0.04539325097550051,0.020912643980507406,1506.2809143266702,-3006.5618286533404,-2993.7945785280804,0.9873250833622509,0.9934352990829661
SOLV,402,t,,,4.545576524546658,-0.0005214404096159195,0.015466910750407232,994.3218091573086,-1984.6436183146172,-1976.6507141373793,0.20046603132326235,0.09195497418825671,1013.0126351264123,-2020.0252702528246,-2008.0359139869674,0.9863515967502969,0.9795911508073532
GEV,401,t,,,4.011036006661847,0.0038584271368998745,0.02361550621909154,793.0175837665415,-1582.035167533083,-1574.04724467847,0.014114233393339594,0.02534670151778029,828.0025880526987,-1650.0051761053974,-1638.0232918234776,0.8576609092149527,0.9202792864737064
